intent,category,question,answer
contact_human,General,Can I talk to a real person sasa?,"Of course! You can reach our customer care team directly on 0712 345 678 (call or WhatsApp), available 8am-7pm daily."
contact_human,General,Nipe number ya kuongea na mtu,"Of course! You can reach our customer care team directly on 0712 345 678 (call or WhatsApp), available 8am-7pm daily."
order_status,Orders,"Naomba kuuliza, Order yangu ipo stage gani sasa?",Let us check for you — please share your order number or the phone number used to place the order so we can track its current status.
delivery_time,Delivery,"Poa, Order itafika lini kwa Rongai tafadhali?","Within Nairobi, delivery usually takes 1-2 days via boda. Outside Nairobi, it takes 2-4 days depending on the courier (e.g. Wells Fargo, G4S)."
order_status,Orders,Umeshtuma bidhaa zangu naomba msaada?,Let us check for you — please share your order number or the phone number used to place the order so we can track its current status.
courier_tracking_number,Delivery,"Karibu, mimi ni customer, Naomba tracking number ya order yangu tafadhali?",We'll share your courier's tracking number (e.g. G4S or Wells Fargo) via WhatsApp as soon as your order is dispatched.
delivery_cost,Delivery,Delivery fee ni how much basi?,"Delivery within Nairobi CBD costs Ksh 150, other Nairobi areas Ksh 200-300. Upcountry deliveries via courier range from Ksh 300-600 depending on location."
combine_orders,Orders,"Samahani, Can I combine two orders into one delivery?","Yes, just let us know both order numbers before dispatch and we'll combine them into a single delivery to save on shipping."
product_care_instructions,Products,Utunzaji wa hii bidhaa ni aje?,Care instructions vary by product — we'll include a care label or send you specific washing/handling tips with your order.
courier_tracking_number,Delivery,How do I track my parcel with the courier?,We'll share your courier's tracking number (e.g. G4S or Wells Fargo) via WhatsApp as soon as your order is dispatched.
courier_tracking_number,Delivery,"Poa, Can you give me a tracking number?",We'll share your courier's tracking number (e.g. G4S or Wells Fargo) via WhatsApp as soon as your order is dispatched.
mpesa_payment,Payment,"Hi, What's your till number naomba kujua?","Yes, we accept M-Pesa! Our Till Number is 123456 (Duka Fresh Shop). You can also pay cash on delivery within Nairobi."
wholesale_reseller,Products,"Hello, Nataka kununua mengi kwa bei nafuu niuze nisaidie?","Yes, we supply wholesale for resellers and shopkeepers. Message us the quantity you need and we'll send you wholesale pricing."
installment_payment,Payments,"Poa, Naomba nilipe kidogo kidogo basi?",We currently don't offer installment payments — full payment is required upfront via M-Pesa or on delivery within Nairobi.
receipt_request,Payments,"Habari, Nataka invoice kwa order asante?",Of course — we send an e-receipt via WhatsApp once payment is confirmed. Let us know if you need it for business/accounting purposes.
discount_bulk,Promotions,"Niaje, Any ongoing sale?",Yes! Orders of 3 items or more get a 10% discount. Follow our WhatsApp status for weekly promo updates too.
mpesa_payment,Payment,"Hi, Can I pay on delivery?","Yes, we accept M-Pesa! Our Till Number is 123456 (Duka Fresh Shop). You can also pay cash on delivery within Nairobi."
damaged_in_transit,Returns,"Hey, Item imefika ikiwa imeharibika naomba msaada?",We're sorry to hear that! Please send a photo of the damaged item and your order number — we'll replace it or refund you right away.
product_care_instructions,Products,"Hi, Do I need to hand wash this basi?",Care instructions vary by product — we'll include a care label or send you specific washing/handling tips with your order.
installment_payment,Payments,"Quick question, Naomba nilipe kidogo kidogo?",We currently don't offer installment payments — full payment is required upfront via M-Pesa or on delivery within Nairobi.
order_status,Orders,"Excuse me, Umeshtuma bidhaa zangu?",Let us check for you — please share your order number or the phone number used to place the order so we can track its current status.
wrong_item,Returns,Wrong color sent tafadhali?,"Sorry about that! Please send us a photo of the item you received along with your order number, and we'll arrange a replacement or refund."
product_availability,Products,Mnayo hii kwa size medium?,Let us check current stock for you — please share the product name or picture and the size/color you want.
minimum_order,Orders,"Naomba kuuliza, Is there a minimum order amount?","No minimum order — you can buy just one item if you like, though delivery fees apply per order regardless of size."
receipt_request,Payments,"Niaje, I need proof of purchase naomba kujua?",Of course — we send an e-receipt via WhatsApp once payment is confirmed. Let us know if you need it for business/accounting purposes.
international_shipping,Delivery,"Hi, Do you ship internationally?",At the moment we only deliver within Kenya. We're working on international shipping for the future — stay tuned!
opening_hours,General,Time za kazi ni gani?,"We're open Monday-Saturday, 8am-7pm, and Sundays 10am-4pm. We're closed on major public holidays."
goodbye,General,"Hey, Sawa, asante sana je?",You're welcome! Karibu tena — feel free to message us anytime. 😊
opening_hours,General,"Niaje, Do you work on public holidays?","We're open Monday-Saturday, 8am-7pm, and Sundays 10am-4pm. We're closed on major public holidays."
delivery_cost,Delivery,"Poa, What's the shipping fee to Mombasa je?","Delivery within Nairobi CBD costs Ksh 150, other Nairobi areas Ksh 200-300. Upcountry deliveries via courier range from Ksh 300-600 depending on location."
return_policy,Returns,Ninaeza rudisha item baada ya siku ngapi?,"You can return or exchange an item within 3 days of delivery, as long as it's unused and in original packaging. Just message us with your order number."
legitimacy_scam_concern,General,"Samahani, Do you have reviews from other customers?","Yes, we're a registered small business that's been operating since 2021. You can pay via M-Pesa till (safer than sending to a personal number) or cash on delivery."
courier_tracking_number,Delivery,"Boss, Is there a tracking code for my delivery basi?",We'll share your courier's tracking number (e.g. G4S or Wells Fargo) via WhatsApp as soon as your order is dispatched.
delivery_time,Delivery,"Karibu, mimi ni customer, Utaleta lini order yangu?","Within Nairobi, delivery usually takes 1-2 days via boda. Outside Nairobi, it takes 2-4 days depending on the courier (e.g. Wells Fargo, G4S)."
price_negotiation,Products,Can we negotiate the price?,"Our prices are already quite fair, but for orders of 3+ items we do offer a discount. What quantity are you looking at?"
delivery_cost,Delivery,"Msee, Delivery fee ni how much?","Delivery within Nairobi CBD costs Ksh 150, other Nairobi areas Ksh 200-300. Upcountry deliveries via courier range from Ksh 300-600 depending on location."
cancel_order,Orders,"Sasa, Please cancel my purchase?","No problem — if your order hasn't been dispatched yet, we can cancel it and refund via M-Pesa. Please share your order number to proceed."
complaint_escalation,General,"Excuse me, Naomba kuongea na manager kuhusu tatizo naomba kujua?","We're sorry for any inconvenience. Please describe the issue and your order number here, and our team lead will personally follow up within a day."
delivery_time,Delivery,"Poa, How many days for delivery to Kisumu?","Within Nairobi, delivery usually takes 1-2 days via boda. Outside Nairobi, it takes 2-4 days depending on the courier (e.g. Wells Fargo, G4S)."
delivery_cost,Delivery,"Hey, How much extra for delivery outside Nairobi naomba msaada?","Delivery within Nairobi CBD costs Ksh 150, other Nairobi areas Ksh 200-300. Upcountry deliveries via courier range from Ksh 300-600 depending on location."
mpesa_payment,Payment,"Poa, Till number ni gani tafadhali?","Yes, we accept M-Pesa! Our Till Number is 123456 (Duka Fresh Shop). You can also pay cash on delivery within Nairobi."
refund_status,Returns,I'm still waiting for my refund,"Refunds are processed within 24-48 hours back to the M-Pesa number used for payment. If it's been longer, please share your order number so we can check."
gift_wrapping,Products,"Hello, Do you offer gift packaging tafadhali?",Yes! Just mention it's a gift when ordering and we'll wrap it nicely at no extra cost.
courier_tracking_number,Delivery,Can you give me a tracking number?,We'll share your courier's tracking number (e.g. G4S or Wells Fargo) via WhatsApp as soon as your order is dispatched.
wrong_item,Returns,I received the wrong item please?,"Sorry about that! Please send us a photo of the item you received along with your order number, and we'll arrange a replacement or refund."
cancel_order,Orders,I want to cancel my order,"No problem — if your order hasn't been dispatched yet, we can cancel it and refund via M-Pesa. Please share your order number to proceed."
payment_confirmation,Payment,"Samahani, Umeconfirm payment yangu nisaidie?",Let us confirm on our end — please share the M-Pesa transaction message/code so we can verify quickly and process your order.
wholesale_reseller,Products,Do you sell wholesale?,"Yes, we supply wholesale for resellers and shopkeepers. Message us the quantity you need and we'll send you wholesale pricing."
cancel_order,Orders,Can I cancel this order nisaidie?,"No problem — if your order hasn't been dispatched yet, we can cancel it and refund via M-Pesa. Please share your order number to proceed."
mpesa_payment,Payment,"Sasa, Till number ni gani naomba msaada?","Yes, we accept M-Pesa! Our Till Number is 123456 (Duka Fresh Shop). You can also pay cash on delivery within Nairobi."
delivery_cost,Delivery,"Excuse me, Is delivery free please?","Delivery within Nairobi CBD costs Ksh 150, other Nairobi areas Ksh 200-300. Upcountry deliveries via courier range from Ksh 300-600 depending on location."
goodbye,General,"Naomba kuuliza, Sawa, asante sana please?",You're welcome! Karibu tena — feel free to message us anytime. 😊
legitimacy_scam_concern,General,"Sasa, Is this shop legit nisaidie?","Yes, we're a registered small business that's been operating since 2021. You can pay via M-Pesa till (safer than sending to a personal number) or cash on delivery."
greeting,General,"Poa, Mambo vipi please?",Hi there! Welcome to Duka Fresh 👋 How can I help you today?
installment_payment,Payments,"Samahani, Naeza lipa pole pole?",We currently don't offer installment payments — full payment is required upfront via M-Pesa or on delivery within Nairobi.
product_care_instructions,Products,Can it be machine washed?,Care instructions vary by product — we'll include a care label or send you specific washing/handling tips with your order.
price_negotiation,Products,"Quick question, Can we negotiate the price basi?","Our prices are already quite fair, but for orders of 3+ items we do offer a discount. What quantity are you looking at?"
international_shipping,Delivery,"Excuse me, Can you deliver to Uganda basi?",At the moment we only deliver within Kenya. We're working on international shipping for the future — stay tuned!
courier_tracking_number,Delivery,Naomba tracking number ya order yangu basi?,We'll share your courier's tracking number (e.g. G4S or Wells Fargo) via WhatsApp as soon as your order is dispatched.
cancel_order,Orders,"Sasa, How do I cancel an order I made basi?","No problem — if your order hasn't been dispatched yet, we can cancel it and refund via M-Pesa. Please share your order number to proceed."
gift_wrapping,Products,"Niaje, Is gift wrapping available je?",Yes! Just mention it's a gift when ordering and we'll wrap it nicely at no extra cost.
product_care_instructions,Products,"Hello, Can it be machine washed asante?",Care instructions vary by product — we'll include a care label or send you specific washing/handling tips with your order.
location_directions,General,Naeza kuja duka moja kwa moja?,"We're located in Nairobi CBD, along Moi Avenue, 2nd floor Duka Fresh House. Message us for exact directions or a Google Maps pin."
goodbye,General,"Thanks, bye",You're welcome! Karibu tena — feel free to message us anytime. 😊
discount_bulk,Promotions,"Msee, Can I get a discount for bulk order asante?",Yes! Orders of 3 items or more get a 10% discount. Follow our WhatsApp status for weekly promo updates too.
complaint_escalation,General,"Karibu, mimi ni customer, Nataka kulalamika kuhusu huduma asante?","We're sorry for any inconvenience. Please describe the issue and your order number here, and our team lead will personally follow up within a day."
product_availability,Products,Is this available in size 40?,Let us check current stock for you — please share the product name or picture and the size/color you want.
payment_confirmation,Payment,"Poa, Confirm payment please please?",Let us confirm on our end — please share the M-Pesa transaction message/code so we can verify quickly and process your order.
goodbye,General,"Hello, Bye tafadhali?",You're welcome! Karibu tena — feel free to message us anytime. 😊
courier_tracking_number,Delivery,"Naomba kuuliza, How do I track my parcel with the courier please?",We'll share your courier's tracking number (e.g. G4S or Wells Fargo) via WhatsApp as soon as your order is dispatched.
product_care_instructions,Products,"Excuse me, Utunzaji wa hii bidhaa ni aje?",Care instructions vary by product — we'll include a care label or send you specific washing/handling tips with your order.
greeting,General,"Habari, Sasa naomba kujua?",Hi there! Welcome to Duka Fresh 👋 How can I help you today?
minimum_order,Orders,"Boss, Do I have to buy a certain quantity sasa?","No minimum order — you can buy just one item if you like, though delivery fees apply per order regardless of size."
wrong_item,Returns,"Karibu, mimi ni customer, Wrong color sent?","Sorry about that! Please send us a photo of the item you received along with your order number, and we'll arrange a replacement or refund."
product_availability,Products,"Poa, Mnayo hii kwa size medium naomba msaada?",Let us check current stock for you — please share the product name or picture and the size/color you want.
social_media_catalog,General,Where can I see your full catalog asante?,"You can browse our full catalog on our Instagram and TikTok pages @dukafresh, or ask us here and we'll send you photos directly."
price_negotiation,Products,"Naomba kuuliza, Can we negotiate the price naomba msaada?","Our prices are already quite fair, but for orders of 3+ items we do offer a discount. What quantity are you looking at?"
refund_status,Returns,"Boss, I'm still waiting for my refund je?","Refunds are processed within 24-48 hours back to the M-Pesa number used for payment. If it's been longer, please share your order number so we can check."
restock_notification,Products,"Hey, Mtapata stock tena lini?",We restock popular items every 1-2 weeks. Message us the item name and we'll notify you as soon as it's back.
wholesale_reseller,Products,Bei ya jumla ni ngapi ukichukua zaidi ya 20 naomba msaada?,"Yes, we supply wholesale for resellers and shopkeepers. Message us the quantity you need and we'll send you wholesale pricing."
delivery_cost,Delivery,Do you charge for delivery within town?,"Delivery within Nairobi CBD costs Ksh 150, other Nairobi areas Ksh 200-300. Upcountry deliveries via courier range from Ksh 300-600 depending on location."
installment_payment,Payments,Naeza lipa pole pole?,We currently don't offer installment payments — full payment is required upfront via M-Pesa or on delivery within Nairobi.
discount_bulk,Promotions,"Poa, Nikinunua vitu vitatu nafanya deal gani naomba kujua?",Yes! Orders of 3 items or more get a 10% discount. Follow our WhatsApp status for weekly promo updates too.
gift_wrapping,Products,"Excuse me, Is gift wrapping available?",Yes! Just mention it's a gift when ordering and we'll wrap it nicely at no extra cost.
contact_human,General,"Poa, Please connect me to someone sasa?","Of course! You can reach our customer care team directly on 0712 345 678 (call or WhatsApp), available 8am-7pm daily."
receipt_request,Payments,"Samahani, Can you email me a receipt?",Of course — we send an e-receipt via WhatsApp once payment is confirmed. Let us know if you need it for business/accounting purposes.
mpesa_payment,Payment,"Sasa, How do I send payment for my order?","Yes, we accept M-Pesa! Our Till Number is 123456 (Duka Fresh Shop). You can also pay cash on delivery within Nairobi."
cancel_order,Orders,"Excuse me, Naomba ni-cancel order please?","No problem — if your order hasn't been dispatched yet, we can cancel it and refund via M-Pesa. Please share your order number to proceed."
location_directions,General,"Samahani, Naeza kuja duka moja kwa moja please?","We're located in Nairobi CBD, along Moi Avenue, 2nd floor Duka Fresh House. Message us for exact directions or a Google Maps pin."
order_status,Orders,Order yangu ipo stage gani?,Let us check for you — please share your order number or the phone number used to place the order so we can track its current status.
delivery_cost,Delivery,"Naomba kuuliza, Delivery fee ni how much nisaidie?","Delivery within Nairobi CBD costs Ksh 150, other Nairobi areas Ksh 200-300. Upcountry deliveries via courier range from Ksh 300-600 depending on location."
greeting,General,Niaje,Hi there! Welcome to Duka Fresh 👋 How can I help you today?
wrong_item,Returns,Item niliyopokea si sahihi basi?,"Sorry about that! Please send us a photo of the item you received along with your order number, and we'll arrange a replacement or refund."
goodbye,General,"Hi, Ok thanks tafadhali?",You're welcome! Karibu tena — feel free to message us anytime. 😊
courier_tracking_number,Delivery,"Niaje, Naomba tracking number ya order yangu basi?",We'll share your courier's tracking number (e.g. G4S or Wells Fargo) via WhatsApp as soon as your order is dispatched.
combine_orders,Orders,"Hi, Naeza unganisha order mbili ziende pamoja asante?","Yes, just let us know both order numbers before dispatch and we'll combine them into a single delivery to save on shipping."
complaint_escalation,General,"Sasa, This service was very poor?","We're sorry for any inconvenience. Please describe the issue and your order number here, and our team lead will personally follow up within a day."
combine_orders,Orders,"Poa, Can you merge my orders to save on delivery?","Yes, just let us know both order numbers before dispatch and we'll combine them into a single delivery to save on shipping."
opening_hours,General,"Msee, Do you work on public holidays naomba msaada?","We're open Monday-Saturday, 8am-7pm, and Sundays 10am-4pm. We're closed on major public holidays."
restock_notification,Products,"Msee, When will this be back in stock please?",We restock popular items every 1-2 weeks. Message us the item name and we'll notify you as soon as it's back.
complaint_escalation,General,"Karibu, mimi ni customer, I'm not happy with how this was handled nisaidie?","We're sorry for any inconvenience. Please describe the issue and your order number here, and our team lead will personally follow up within a day."
return_policy,Returns,Can I return an item if I don't like it?,"You can return or exchange an item within 3 days of delivery, as long as it's unused and in original packaging. Just message us with your order number."
damaged_in_transit,Returns,"Boss, It arrived broken, what do I do?",We're sorry to hear that! Please send a photo of the damaged item and your order number — we'll replace it or refund you right away.
discount_bulk,Promotions,Mko na promotion yoyote tafadhali?,Yes! Orders of 3 items or more get a 10% discount. Follow our WhatsApp status for weekly promo updates too.
international_shipping,Delivery,"Poa, Can you deliver to Uganda naomba kujua?",At the moment we only deliver within Kenya. We're working on international shipping for the future — stay tuned!
price_negotiation,Products,Naomba discount kidogo,"Our prices are already quite fair, but for orders of 3+ items we do offer a discount. What quantity are you looking at?"
product_care_instructions,Products,How do I take care of this item?,Care instructions vary by product — we'll include a care label or send you specific washing/handling tips with your order.
gift_wrapping,Products,"Naomba kuuliza, Can you gift wrap my order naomba msaada?",Yes! Just mention it's a gift when ordering and we'll wrap it nicely at no extra cost.
cancel_order,Orders,"Niaje, I want to cancel my order nisaidie?","No problem — if your order hasn't been dispatched yet, we can cancel it and refund via M-Pesa. Please share your order number to proceed."
product_care_instructions,Products,"Boss, Utunzaji wa hii bidhaa ni aje sasa?",Care instructions vary by product — we'll include a care label or send you specific washing/handling tips with your order.
payment_confirmation,Payment,Payment yangu imeenda sawa asante?,Let us confirm on our end — please share the M-Pesa transaction message/code so we can verify quickly and process your order.
minimum_order,Orders,"Excuse me, Can I order just one item sasa?","No minimum order — you can buy just one item if you like, though delivery fees apply per order regardless of size."
complaint_escalation,General,I want to file a complaint naomba kujua?,"We're sorry for any inconvenience. Please describe the issue and your order number here, and our team lead will personally follow up within a day."
return_policy,Returns,"Niaje, Can I exchange for a different size asante?","You can return or exchange an item within 3 days of delivery, as long as it's unused and in original packaging. Just message us with your order number."
contact_human,General,Please connect me to someone,"Of course! You can reach our customer care team directly on 0712 345 678 (call or WhatsApp), available 8am-7pm daily."
mpesa_payment,Payment,How do I send payment for my order?,"Yes, we accept M-Pesa! Our Till Number is 123456 (Duka Fresh Shop). You can also pay cash on delivery within Nairobi."
return_policy,Returns,"Msee, Naeza return bidhaa please?","You can return or exchange an item within 3 days of delivery, as long as it's unused and in original packaging. Just message us with your order number."
price_negotiation,Products,"Boss, Bei ya mwisho ni ngapi tafadhali?","Our prices are already quite fair, but for orders of 3+ items we do offer a discount. What quantity are you looking at?"
order_status,Orders,"Sasa, Order yangu ipo stage gani tafadhali?",Let us check for you — please share your order number or the phone number used to place the order so we can track its current status.
opening_hours,General,What time are you open?,"We're open Monday-Saturday, 8am-7pm, and Sundays 10am-4pm. We're closed on major public holidays."
cancel_order,Orders,Cancel order number 245,"No problem — if your order hasn't been dispatched yet, we can cancel it and refund via M-Pesa. Please share your order number to proceed."
payment_confirmation,Payment,Payment yangu imeenda sawa tafadhali?,Let us confirm on our end — please share the M-Pesa transaction message/code so we can verify quickly and process your order.
delivery_cost,Delivery,"Karibu, mimi ni customer, Delivery charges ni ngapi tafadhali?","Delivery within Nairobi CBD costs Ksh 150, other Nairobi areas Ksh 200-300. Upcountry deliveries via courier range from Ksh 300-600 depending on location."
contact_human,General,Can I talk to a real person?,"Of course! You can reach our customer care team directly on 0712 345 678 (call or WhatsApp), available 8am-7pm daily."
refund_status,Returns,When will I get my refund?,"Refunds are processed within 24-48 hours back to the M-Pesa number used for payment. If it's been longer, please share your order number so we can check."
combine_orders,Orders,"Habari, Can you merge my orders to save on delivery basi?","Yes, just let us know both order numbers before dispatch and we'll combine them into a single delivery to save on shipping."
international_shipping,Delivery,"Hello, Can you deliver to Uganda naomba msaada?",At the moment we only deliver within Kenya. We're working on international shipping for the future — stay tuned!
goodbye,General,Bye,You're welcome! Karibu tena — feel free to message us anytime. 😊
greeting,General,Hey there,Hi there! Welcome to Duka Fresh 👋 How can I help you today?
product_availability,Products,"Niaje, Bidhaa hii bado ipo?",Let us check current stock for you — please share the product name or picture and the size/color you want.
gift_wrapping,Products,"Msee, Naomba m-wrap kama gift?",Yes! Just mention it's a gift when ordering and we'll wrap it nicely at no extra cost.
courier_tracking_number,Delivery,"Hey, Can you give me a tracking number naomba kujua?",We'll share your courier's tracking number (e.g. G4S or Wells Fargo) via WhatsApp as soon as your order is dispatched.
payment_confirmation,Payment,Nimelipa kupitia mpesa umeona?,Let us confirm on our end — please share the M-Pesa transaction message/code so we can verify quickly and process your order.
minimum_order,Orders,"Boss, Is there a minimum order amount?","No minimum order — you can buy just one item if you like, though delivery fees apply per order regardless of size."
receipt_request,Payments,"Habari, I need proof of purchase nisaidie?",Of course — we send an e-receipt via WhatsApp once payment is confirmed. Let us know if you need it for business/accounting purposes.
location_directions,General,"Poa, Can I visit the physical shop basi?","We're located in Nairobi CBD, along Moi Avenue, 2nd floor Duka Fresh House. Message us for exact directions or a Google Maps pin."
location_directions,General,"Quick question, Naomba pin ya location yenu naomba msaada?","We're located in Nairobi CBD, along Moi Avenue, 2nd floor Duka Fresh House. Message us for exact directions or a Google Maps pin."
refund_status,Returns,How long does a refund take?,"Refunds are processed within 24-48 hours back to the M-Pesa number used for payment. If it's been longer, please share your order number so we can check."
receipt_request,Payments,Naomba receipt ya order yangu,Of course — we send an e-receipt via WhatsApp once payment is confirmed. Let us know if you need it for business/accounting purposes.
goodbye,General,"Karibu, mimi ni customer, Thanks, bye?",You're welcome! Karibu tena — feel free to message us anytime. 😊
greeting,General,Hi?,Hi there! Welcome to Duka Fresh 👋 How can I help you today?
payment_confirmation,Payment,"Karibu, mimi ni customer, Nimesend pesa saa hii, angalia asante?",Let us confirm on our end — please share the M-Pesa transaction message/code so we can verify quickly and process your order.
courier_tracking_number,Delivery,Can you give me a tracking number basi?,We'll share your courier's tracking number (e.g. G4S or Wells Fargo) via WhatsApp as soon as your order is dispatched.
price_negotiation,Products,"Boss, Naomba discount kidogo tafadhali?","Our prices are already quite fair, but for orders of 3+ items we do offer a discount. What quantity are you looking at?"
installment_payment,Payments,Naomba nilipe kidogo kidogo,We currently don't offer installment payments — full payment is required upfront via M-Pesa or on delivery within Nairobi.
location_directions,General,"Quick question, Naeza kuja duka moja kwa moja sasa?","We're located in Nairobi CBD, along Moi Avenue, 2nd floor Duka Fresh House. Message us for exact directions or a Google Maps pin."
delivery_time,Delivery,"Poa, Delivery inachukua muda gani?","Within Nairobi, delivery usually takes 1-2 days via boda. Outside Nairobi, it takes 2-4 days depending on the courier (e.g. Wells Fargo, G4S)."
restock_notification,Products,"Boss, Can you tell me when it's restocked?",We restock popular items every 1-2 weeks. Message us the item name and we'll notify you as soon as it's back.
legitimacy_scam_concern,General,Ni kweli hii ni duka halisi?,"Yes, we're a registered small business that's been operating since 2021. You can pay via M-Pesa till (safer than sending to a personal number) or cash on delivery."
order_status,Orders,Can you track my order for me?,Let us check for you — please share your order number or the phone number used to place the order so we can track its current status.
installment_payment,Payments,Is there a payment plan?,We currently don't offer installment payments — full payment is required upfront via M-Pesa or on delivery within Nairobi.
greeting,General,"Naomba kuuliza, Hi tafadhali?",Hi there! Welcome to Duka Fresh 👋 How can I help you today?
delivery_time,Delivery,"Boss, Delivery inachukua muda gani je?","Within Nairobi, delivery usually takes 1-2 days via boda. Outside Nairobi, it takes 2-4 days depending on the courier (e.g. Wells Fargo, G4S)."
mpesa_payment,Payment,"Hello, What's your till number tafadhali?","Yes, we accept M-Pesa! Our Till Number is 123456 (Duka Fresh Shop). You can also pay cash on delivery within Nairobi."
opening_hours,General,"Msee, Are you open on Sundays?","We're open Monday-Saturday, 8am-7pm, and Sundays 10am-4pm. We're closed on major public holidays."
opening_hours,General,"Boss, Is the shop open today?","We're open Monday-Saturday, 8am-7pm, and Sundays 10am-4pm. We're closed on major public holidays."
cancel_order,Orders,Nataka cancel order yangu,"No problem — if your order hasn't been dispatched yet, we can cancel it and refund via M-Pesa. Please share your order number to proceed."
installment_payment,Payments,Naeza lipa nusu leo na nusu next week?,We currently don't offer installment payments — full payment is required upfront via M-Pesa or on delivery within Nairobi.
cancel_order,Orders,Naomba ni-cancel order,"No problem — if your order hasn't been dispatched yet, we can cancel it and refund via M-Pesa. Please share your order number to proceed."
delivery_cost,Delivery,How much is delivery?,"Delivery within Nairobi CBD costs Ksh 150, other Nairobi areas Ksh 200-300. Upcountry deliveries via courier range from Ksh 300-600 depending on location."
restock_notification,Products,"Quick question, Mtapata stock tena lini naomba msaada?",We restock popular items every 1-2 weeks. Message us the item name and we'll notify you as soon as it's back.
delivery_cost,Delivery,Delivery charges ni ngapi?,"Delivery within Nairobi CBD costs Ksh 150, other Nairobi areas Ksh 200-300. Upcountry deliveries via courier range from Ksh 300-600 depending on location."
return_policy,Returns,Naeza change size ya item tafadhali?,"You can return or exchange an item within 3 days of delivery, as long as it's unused and in original packaging. Just message us with your order number."
product_care_instructions,Products,"Niaje, Naosha hii item aje naomba kujua?",Care instructions vary by product — we'll include a care label or send you specific washing/handling tips with your order.
gift_wrapping,Products,"Msee, Do you offer gift packaging sasa?",Yes! Just mention it's a gift when ordering and we'll wrap it nicely at no extra cost.
delivery_cost,Delivery,How much extra for delivery outside Nairobi naomba msaada?,"Delivery within Nairobi CBD costs Ksh 150, other Nairobi areas Ksh 200-300. Upcountry deliveries via courier range from Ksh 300-600 depending on location."
delivery_time,Delivery,"Samahani, Utafika lini na order basi?","Within Nairobi, delivery usually takes 1-2 days via boda. Outside Nairobi, it takes 2-4 days depending on the courier (e.g. Wells Fargo, G4S)."
discount_bulk,Promotions,"Excuse me, Mko na promotion yoyote?",Yes! Orders of 3 items or more get a 10% discount. Follow our WhatsApp status for weekly promo updates too.
price_negotiation,Products,"Poa, Can we negotiate the price basi?","Our prices are already quite fair, but for orders of 3+ items we do offer a discount. What quantity are you looking at?"
cancel_order,Orders,How do I cancel an order I made?,"No problem — if your order hasn't been dispatched yet, we can cancel it and refund via M-Pesa. Please share your order number to proceed."
cancel_order,Orders,"Quick question, Is it possible to cancel after paying sasa?","No problem — if your order hasn't been dispatched yet, we can cancel it and refund via M-Pesa. Please share your order number to proceed."
opening_hours,General,"Hey, Mko open saa ngapi mpaka saa ngapi naomba msaada?","We're open Monday-Saturday, 8am-7pm, and Sundays 10am-4pm. We're closed on major public holidays."
product_care_instructions,Products,"Hey, Utunzaji wa hii bidhaa ni aje sasa?",Care instructions vary by product — we'll include a care label or send you specific washing/handling tips with your order.
refund_status,Returns,"Hi, Refund yangu itafika lini?","Refunds are processed within 24-48 hours back to the M-Pesa number used for payment. If it's been longer, please share your order number so we can check."
cancel_order,Orders,"Boss, Nimebadili mawazo, cancel order?","No problem — if your order hasn't been dispatched yet, we can cancel it and refund via M-Pesa. Please share your order number to proceed."
international_shipping,Delivery,"Quick question, Can you deliver to Uganda sasa?",At the moment we only deliver within Kenya. We're working on international shipping for the future — stay tuned!
price_negotiation,Products,"Samahani, Can we negotiate the price?","Our prices are already quite fair, but for orders of 3+ items we do offer a discount. What quantity are you looking at?"
product_care_instructions,Products,"Poa, Utunzaji wa hii bidhaa ni aje?",Care instructions vary by product — we'll include a care label or send you specific washing/handling tips with your order.
payment_confirmation,Payment,Confirm payment please,Let us confirm on our end — please share the M-Pesa transaction message/code so we can verify quickly and process your order.
legitimacy_scam_concern,General,"Boss, Are you a genuine seller please?","Yes, we're a registered small business that's been operating since 2021. You can pay via M-Pesa till (safer than sending to a personal number) or cash on delivery."
contact_human,General,"Habari, I need to speak to customer care directly?","Of course! You can reach our customer care team directly on 0712 345 678 (call or WhatsApp), available 8am-7pm daily."
price_negotiation,Products,"Poa, Naomba discount kidogo je?","Our prices are already quite fair, but for orders of 3+ items we do offer a discount. What quantity are you looking at?"
social_media_catalog,General,"Niaje, Send me your product catalog nisaidie?","You can browse our full catalog on our Instagram and TikTok pages @dukafresh, or ask us here and we'll send you photos directly."
minimum_order,Orders,"Niaje, Is there a minimum order amount je?","No minimum order — you can buy just one item if you like, though delivery fees apply per order regardless of size."
complaint_escalation,General,I'm not happy with how this was handled,"We're sorry for any inconvenience. Please describe the issue and your order number here, and our team lead will personally follow up within a day."
wrong_item,Returns,I got a damaged item nisaidie?,"Sorry about that! Please send us a photo of the item you received along with your order number, and we'll arrange a replacement or refund."
delivery_time,Delivery,How fast is your delivery within Nairobi asante?,"Within Nairobi, delivery usually takes 1-2 days via boda. Outside Nairobi, it takes 2-4 days depending on the courier (e.g. Wells Fargo, G4S)."
greeting,General,"Hello, is anyone there?",Hi there! Welcome to Duka Fresh 👋 How can I help you today?
restock_notification,Products,"Excuse me, Mtapata stock tena lini nisaidie?",We restock popular items every 1-2 weeks. Message us the item name and we'll notify you as soon as it's back.
greeting,General,"Niaje, Niaje nisaidie?",Hi there! Welcome to Duka Fresh 👋 How can I help you today?
receipt_request,Payments,"Boss, Do you issue invoices please?",Of course — we send an e-receipt via WhatsApp once payment is confirmed. Let us know if you need it for business/accounting purposes.
social_media_catalog,General,Where can I see your full catalog nisaidie?,"You can browse our full catalog on our Instagram and TikTok pages @dukafresh, or ask us here and we'll send you photos directly."
refund_status,Returns,"Poa, Umeprocess refund yangu?","Refunds are processed within 24-48 hours back to the M-Pesa number used for payment. If it's been longer, please share your order number so we can check."
payment_confirmation,Payment,"Samahani, Confirm payment please naomba msaada?",Let us confirm on our end — please share the M-Pesa transaction message/code so we can verify quickly and process your order.
greeting,General,"Samahani, Good morning je?",Hi there! Welcome to Duka Fresh 👋 How can I help you today?
minimum_order,Orders,Naeza order kitu kimoja tu?,"No minimum order — you can buy just one item if you like, though delivery fees apply per order regardless of size."
refund_status,Returns,"Boss, Umenirudishia pesa asante?","Refunds are processed within 24-48 hours back to the M-Pesa number used for payment. If it's been longer, please share your order number so we can check."
courier_tracking_number,Delivery,"Sasa, Naomba tracking number ya order yangu naomba kujua?",We'll share your courier's tracking number (e.g. G4S or Wells Fargo) via WhatsApp as soon as your order is dispatched.
greeting,General,Hello je?,Hi there! Welcome to Duka Fresh 👋 How can I help you today?
order_status,Orders,"Hey, Has my order been shipped asante?",Let us check for you — please share your order number or the phone number used to place the order so we can track its current status.
receipt_request,Payments,Naomba receipt ya order yangu je?,Of course — we send an e-receipt via WhatsApp once payment is confirmed. Let us know if you need it for business/accounting purposes.
social_media_catalog,General,"Habari, Where can I follow you online?","You can browse our full catalog on our Instagram and TikTok pages @dukafresh, or ask us here and we'll send you photos directly."
social_media_catalog,General,"Sasa, Mko na Instagram au TikTok tafadhali?","You can browse our full catalog on our Instagram and TikTok pages @dukafresh, or ask us here and we'll send you photos directly."
location_directions,General,"Habari, Naomba pin ya location yenu tafadhali?","We're located in Nairobi CBD, along Moi Avenue, 2nd floor Duka Fresh House. Message us for exact directions or a Google Maps pin."
delivery_cost,Delivery,"Quick question, Is delivery free?","Delivery within Nairobi CBD costs Ksh 150, other Nairobi areas Ksh 200-300. Upcountry deliveries via courier range from Ksh 300-600 depending on location."
minimum_order,Orders,Is there a minimum order amount je?,"No minimum order — you can buy just one item if you like, though delivery fees apply per order regardless of size."
delivery_cost,Delivery,What's the shipping fee to Mombasa je?,"Delivery within Nairobi CBD costs Ksh 150, other Nairobi areas Ksh 200-300. Upcountry deliveries via courier range from Ksh 300-600 depending on location."
price_negotiation,Products,"Hi, Punguza kidogo bei naomba msaada?","Our prices are already quite fair, but for orders of 3+ items we do offer a discount. What quantity are you looking at?"
social_media_catalog,General,Do you have a Facebook page?,"You can browse our full catalog on our Instagram and TikTok pages @dukafresh, or ask us here and we'll send you photos directly."
wholesale_reseller,Products,"Msee, Mnauza kwa bei ya jumla?","Yes, we supply wholesale for resellers and shopkeepers. Message us the quantity you need and we'll send you wholesale pricing."
gift_wrapping,Products,Do you offer gift packaging?,Yes! Just mention it's a gift when ordering and we'll wrap it nicely at no extra cost.
product_care_instructions,Products,"Excuse me, Can it be machine washed?",Care instructions vary by product — we'll include a care label or send you specific washing/handling tips with your order.
payment_confirmation,Payment,"Naomba kuuliza, I have sent the money, have you received it?",Let us confirm on our end — please share the M-Pesa transaction message/code so we can verify quickly and process your order.
social_media_catalog,General,"Quick question, Mko na Instagram au TikTok asante?","You can browse our full catalog on our Instagram and TikTok pages @dukafresh, or ask us here and we'll send you photos directly."
mpesa_payment,Payment,"Excuse me, How do I send payment for my order je?","Yes, we accept M-Pesa! Our Till Number is 123456 (Duka Fresh Shop). You can also pay cash on delivery within Nairobi."
wholesale_reseller,Products,"Hi, Nataka kununua mengi kwa bei nafuu niuze naomba msaada?","Yes, we supply wholesale for resellers and shopkeepers. Message us the quantity you need and we'll send you wholesale pricing."
international_shipping,Delivery,"Hello, Do you ship internationally naomba msaada?",At the moment we only deliver within Kenya. We're working on international shipping for the future — stay tuned!
opening_hours,General,"Hi, Do you work on public holidays nisaidie?","We're open Monday-Saturday, 8am-7pm, and Sundays 10am-4pm. We're closed on major public holidays."
refund_status,Returns,"Hi, Umeprocess refund yangu please?","Refunds are processed within 24-48 hours back to the M-Pesa number used for payment. If it's been longer, please share your order number so we can check."
product_care_instructions,Products,"Niaje, Can it be machine washed je?",Care instructions vary by product — we'll include a care label or send you specific washing/handling tips with your order.
minimum_order,Orders,"Sasa, Naeza order kitu kimoja tu je?","No minimum order — you can buy just one item if you like, though delivery fees apply per order regardless of size."
complaint_escalation,General,I want to file a complaint,"We're sorry for any inconvenience. Please describe the issue and your order number here, and our team lead will personally follow up within a day."
cancel_order,Orders,"Msee, Sitaki tena hii order, cancel naomba msaada?","No problem — if your order hasn't been dispatched yet, we can cancel it and refund via M-Pesa. Please share your order number to proceed."
gift_wrapping,Products,"Karibu, mimi ni customer, Can you gift wrap my order?",Yes! Just mention it's a gift when ordering and we'll wrap it nicely at no extra cost.
location_directions,General,Do you have a physical store or online only je?,"We're located in Nairobi CBD, along Moi Avenue, 2nd floor Duka Fresh House. Message us for exact directions or a Google Maps pin."
wrong_item,Returns,This is not what I ordered?,"Sorry about that! Please send us a photo of the item you received along with your order number, and we'll arrange a replacement or refund."
receipt_request,Payments,"Sasa, Nataka invoice kwa order nisaidie?",Of course — we send an e-receipt via WhatsApp once payment is confirmed. Let us know if you need it for business/accounting purposes.
wrong_item,Returns,"Hey, The product doesn't match the photo?","Sorry about that! Please send us a photo of the item you received along with your order number, and we'll arrange a replacement or refund."
contact_human,General,Naomba nizungumze na mtu wa kweli je?,"Of course! You can reach our customer care team directly on 0712 345 678 (call or WhatsApp), available 8am-7pm daily."
legitimacy_scam_concern,General,"Hey, Do you have reviews from other customers je?","Yes, we're a registered small business that's been operating since 2021. You can pay via M-Pesa till (safer than sending to a personal number) or cash on delivery."
payment_confirmation,Payment,"Hey, I have sent the money, have you received it je?",Let us confirm on our end — please share the M-Pesa transaction message/code so we can verify quickly and process your order.
mpesa_payment,Payment,"Hi, How do I pay via M-Pesa?","Yes, we accept M-Pesa! Our Till Number is 123456 (Duka Fresh Shop). You can also pay cash on delivery within Nairobi."
international_shipping,Delivery,"Quick question, Mnatuma nje ya Kenya basi?",At the moment we only deliver within Kenya. We're working on international shipping for the future — stay tuned!
social_media_catalog,General,Where can I see your full catalog?,"You can browse our full catalog on our Instagram and TikTok pages @dukafresh, or ask us here and we'll send you photos directly."
cancel_order,Orders,"Naomba kuuliza, Is it possible to cancel after paying nisaidie?","No problem — if your order hasn't been dispatched yet, we can cancel it and refund via M-Pesa. Please share your order number to proceed."
international_shipping,Delivery,Can you deliver to Uganda?,At the moment we only deliver within Kenya. We're working on international shipping for the future — stay tuned!
order_status,Orders,"Karibu, mimi ni customer, Where is my order naomba msaada?",Let us check for you — please share your order number or the phone number used to place the order so we can track its current status.
greeting,General,"Hi, Habari?",Hi there! Welcome to Duka Fresh 👋 How can I help you today?
goodbye,General,"Niaje, Alright, later naomba kujua?",You're welcome! Karibu tena — feel free to message us anytime. 😊
order_status,Orders,"Excuse me, Order iko na rider gani?",Let us check for you — please share your order number or the phone number used to place the order so we can track its current status.
delivery_cost,Delivery,"Hi, How much is delivery?","Delivery within Nairobi CBD costs Ksh 150, other Nairobi areas Ksh 200-300. Upcountry deliveries via courier range from Ksh 300-600 depending on location."
gift_wrapping,Products,"This is a birthday gift, can you pack it nicely please?",Yes! Just mention it's a gift when ordering and we'll wrap it nicely at no extra cost.
receipt_request,Payments,"Naomba kuuliza, Nataka invoice kwa order asante?",Of course — we send an e-receipt via WhatsApp once payment is confirmed. Let us know if you need it for business/accounting purposes.
restock_notification,Products,Please notify me when available again,We restock popular items every 1-2 weeks. Message us the item name and we'll notify you as soon as it's back.
damaged_in_transit,Returns,Item imefika ikiwa imeharibika asante?,We're sorry to hear that! Please send a photo of the damaged item and your order number — we'll replace it or refund you right away.
refund_status,Returns,"Samahani, I'm still waiting for my refund sasa?","Refunds are processed within 24-48 hours back to the M-Pesa number used for payment. If it's been longer, please share your order number so we can check."
gift_wrapping,Products,"Karibu, mimi ni customer, Naomba m-wrap kama gift naomba msaada?",Yes! Just mention it's a gift when ordering and we'll wrap it nicely at no extra cost.
complaint_escalation,General,This service was very poor,"We're sorry for any inconvenience. Please describe the issue and your order number here, and our team lead will personally follow up within a day."
social_media_catalog,General,"Quick question, Mko na Instagram au TikTok sasa?","You can browse our full catalog on our Instagram and TikTok pages @dukafresh, or ask us here and we'll send you photos directly."
wrong_item,Returns,"Niaje, The product doesn't match the photo?","Sorry about that! Please send us a photo of the item you received along with your order number, and we'll arrange a replacement or refund."
minimum_order,Orders,"Hey, Naeza order kitu kimoja tu naomba kujua?","No minimum order — you can buy just one item if you like, though delivery fees apply per order regardless of size."
installment_payment,Payments,"Naomba kuuliza, Naeza lipa nusu leo na nusu next week please?",We currently don't offer installment payments — full payment is required upfront via M-Pesa or on delivery within Nairobi.
courier_tracking_number,Delivery,"Quick question, Is there a tracking code for my delivery naomba msaada?",We'll share your courier's tracking number (e.g. G4S or Wells Fargo) via WhatsApp as soon as your order is dispatched.
social_media_catalog,General,"Niaje, Do you have a Facebook page?","You can browse our full catalog on our Instagram and TikTok pages @dukafresh, or ask us here and we'll send you photos directly."
return_policy,Returns,"Hi, Naeza change size ya item nisaidie?","You can return or exchange an item within 3 days of delivery, as long as it's unused and in original packaging. Just message us with your order number."
complaint_escalation,General,This service was very poor je?,"We're sorry for any inconvenience. Please describe the issue and your order number here, and our team lead will personally follow up within a day."
goodbye,General,"Nimeshukuru, kwaheri",You're welcome! Karibu tena — feel free to message us anytime. 😊
delivery_time,Delivery,Utaleta lini order yangu?,"Within Nairobi, delivery usually takes 1-2 days via boda. Outside Nairobi, it takes 2-4 days depending on the courier (e.g. Wells Fargo, G4S)."
product_care_instructions,Products,"Quick question, How do I take care of this item je?",Care instructions vary by product — we'll include a care label or send you specific washing/handling tips with your order.
payment_confirmation,Payment,"Sasa, Umepokea pesa ya order yangu basi?",Let us confirm on our end — please share the M-Pesa transaction message/code so we can verify quickly and process your order.
minimum_order,Orders,"Sasa, Kuna minimum order?","No minimum order — you can buy just one item if you like, though delivery fees apply per order regardless of size."
mpesa_payment,Payment,"Poa, What's your till number asante?","Yes, we accept M-Pesa! Our Till Number is 123456 (Duka Fresh Shop). You can also pay cash on delivery within Nairobi."
installment_payment,Payments,"Samahani, Can I pay in installments naomba kujua?",We currently don't offer installment payments — full payment is required upfront via M-Pesa or on delivery within Nairobi.
mpesa_payment,Payment,"Hello, How do I send payment for my order tafadhali?","Yes, we accept M-Pesa! Our Till Number is 123456 (Duka Fresh Shop). You can also pay cash on delivery within Nairobi."
minimum_order,Orders,"Naomba kuuliza, Naeza order kitu kimoja tu nisaidie?","No minimum order — you can buy just one item if you like, though delivery fees apply per order regardless of size."
legitimacy_scam_concern,General,Do you have reviews from other customers?,"Yes, we're a registered small business that's been operating since 2021. You can pay via M-Pesa till (safer than sending to a personal number) or cash on delivery."
wholesale_reseller,Products,"Msee, Do you sell wholesale je?","Yes, we supply wholesale for resellers and shopkeepers. Message us the quantity you need and we'll send you wholesale pricing."
discount_bulk,Promotions,"Sasa, Do you have discounts naomba kujua?",Yes! Orders of 3 items or more get a 10% discount. Follow our WhatsApp status for weekly promo updates too.
wholesale_reseller,Products,"Hey, Naeza pata bei ya wholesale naomba msaada?","Yes, we supply wholesale for resellers and shopkeepers. Message us the quantity you need and we'll send you wholesale pricing."
goodbye,General,"That's all, goodbye",You're welcome! Karibu tena — feel free to message us anytime. 😊
gift_wrapping,Products,Can you gift wrap my order sasa?,Yes! Just mention it's a gift when ordering and we'll wrap it nicely at no extra cost.
price_negotiation,Products,"Msee, Punguza kidogo bei?","Our prices are already quite fair, but for orders of 3+ items we do offer a discount. What quantity are you looking at?"
international_shipping,Delivery,"Hey, Do you ship outside Kenya?",At the moment we only deliver within Kenya. We're working on international shipping for the future — stay tuned!
courier_tracking_number,Delivery,"Excuse me, How do I track my parcel with the courier naomba kujua?",We'll share your courier's tracking number (e.g. G4S or Wells Fargo) via WhatsApp as soon as your order is dispatched.
return_policy,Returns,What if the item doesn't fit?,"You can return or exchange an item within 3 days of delivery, as long as it's unused and in original packaging. Just message us with your order number."
combine_orders,Orders,"I made two separate orders, can they be delivered together?","Yes, just let us know both order numbers before dispatch and we'll combine them into a single delivery to save on shipping."
price_negotiation,Products,"Naomba kuuliza, Bei ya mwisho ni ngapi je?","Our prices are already quite fair, but for orders of 3+ items we do offer a discount. What quantity are you looking at?"
discount_bulk,Promotions,"Hey, Is there a discount code sasa?",Yes! Orders of 3 items or more get a 10% discount. Follow our WhatsApp status for weekly promo updates too.
cancel_order,Orders,"Poa, Please cancel my purchase basi?","No problem — if your order hasn't been dispatched yet, we can cancel it and refund via M-Pesa. Please share your order number to proceed."
discount_bulk,Promotions,Is there a discount code?,Yes! Orders of 3 items or more get a 10% discount. Follow our WhatsApp status for weekly promo updates too.
legitimacy_scam_concern,General,"Niaje, Do you have reviews from other customers?","Yes, we're a registered small business that's been operating since 2021. You can pay via M-Pesa till (safer than sending to a personal number) or cash on delivery."
goodbye,General,Ok thanks,You're welcome! Karibu tena — feel free to message us anytime. 😊
installment_payment,Payments,"Sasa, Naeza lipa pole pole nisaidie?",We currently don't offer installment payments — full payment is required upfront via M-Pesa or on delivery within Nairobi.
gift_wrapping,Products,Can you gift wrap my order?,Yes! Just mention it's a gift when ordering and we'll wrap it nicely at no extra cost.
location_directions,General,Where is your shop located?,"We're located in Nairobi CBD, along Moi Avenue, 2nd floor Duka Fresh House. Message us for exact directions or a Google Maps pin."
refund_status,Returns,"Hello, Umeprocess refund yangu naomba msaada?","Refunds are processed within 24-48 hours back to the M-Pesa number used for payment. If it's been longer, please share your order number so we can check."
combine_orders,Orders,"Habari, I made two separate orders, can they be delivered together je?","Yes, just let us know both order numbers before dispatch and we'll combine them into a single delivery to save on shipping."
wrong_item,Returns,"Hi, Item niliyopokea si sahihi je?","Sorry about that! Please send us a photo of the item you received along with your order number, and we'll arrange a replacement or refund."
delivery_cost,Delivery,"Hi, Unatoza delivery ngapi kwa CBD?","Delivery within Nairobi CBD costs Ksh 150, other Nairobi areas Ksh 200-300. Upcountry deliveries via courier range from Ksh 300-600 depending on location."
location_directions,General,Send me your location please,"We're located in Nairobi CBD, along Moi Avenue, 2nd floor Duka Fresh House. Message us for exact directions or a Google Maps pin."
product_care_instructions,Products,"Hi, Can it be machine washed asante?",Care instructions vary by product — we'll include a care label or send you specific washing/handling tips with your order.
damaged_in_transit,Returns,Bidhaa imekuja ikiwa mbovu,We're sorry to hear that! Please send a photo of the damaged item and your order number — we'll replace it or refund you right away.
product_availability,Products,"Excuse me, Is this available in size 40 je?",Let us check current stock for you — please share the product name or picture and the size/color you want.
courier_tracking_number,Delivery,"Boss, How do I track my parcel with the courier naomba kujua?",We'll share your courier's tracking number (e.g. G4S or Wells Fargo) via WhatsApp as soon as your order is dispatched.
restock_notification,Products,"Karibu, mimi ni customer, Can you tell me when it's restocked sasa?",We restock popular items every 1-2 weeks. Message us the item name and we'll notify you as soon as it's back.
delivery_cost,Delivery,"Habari, Do you charge for delivery within town?","Delivery within Nairobi CBD costs Ksh 150, other Nairobi areas Ksh 200-300. Upcountry deliveries via courier range from Ksh 300-600 depending on location."
receipt_request,Payments,"Hi, Do you issue invoices asante?",Of course — we send an e-receipt via WhatsApp once payment is confirmed. Let us know if you need it for business/accounting purposes.
opening_hours,General,Do you work on public holidays?,"We're open Monday-Saturday, 8am-7pm, and Sundays 10am-4pm. We're closed on major public holidays."
social_media_catalog,General,Send me your product catalog,"You can browse our full catalog on our Instagram and TikTok pages @dukafresh, or ask us here and we'll send you photos directly."
delivery_time,Delivery,"Naomba kuuliza, Ninapata order lini nikiorder leo sasa?","Within Nairobi, delivery usually takes 1-2 days via boda. Outside Nairobi, it takes 2-4 days depending on the courier (e.g. Wells Fargo, G4S)."
price_negotiation,Products,Bei ya mwisho ni ngapi sasa?,"Our prices are already quite fair, but for orders of 3+ items we do offer a discount. What quantity are you looking at?"
restock_notification,Products,"Habari, When will this be back in stock please?",We restock popular items every 1-2 weeks. Message us the item name and we'll notify you as soon as it's back.
delivery_cost,Delivery,How much extra for delivery outside Nairobi?,"Delivery within Nairobi CBD costs Ksh 150, other Nairobi areas Ksh 200-300. Upcountry deliveries via courier range from Ksh 300-600 depending on location."
complaint_escalation,General,"Excuse me, Naomba kuongea na manager kuhusu tatizo tafadhali?","We're sorry for any inconvenience. Please describe the issue and your order number here, and our team lead will personally follow up within a day."
greeting,General,Sasa,Hi there! Welcome to Duka Fresh 👋 How can I help you today?
international_shipping,Delivery,Can you deliver to Uganda nisaidie?,At the moment we only deliver within Kenya. We're working on international shipping for the future — stay tuned!
opening_hours,General,What are your working hours basi?,"We're open Monday-Saturday, 8am-7pm, and Sundays 10am-4pm. We're closed on major public holidays."
social_media_catalog,General,"Hi, Naomba muniangushie catalog nisaidie?","You can browse our full catalog on our Instagram and TikTok pages @dukafresh, or ask us here and we'll send you photos directly."
goodbye,General,Thanks for the help naomba msaada?,You're welcome! Karibu tena — feel free to message us anytime. 😊
greeting,General,Hello,Hi there! Welcome to Duka Fresh 👋 How can I help you today?
complaint_escalation,General,How do I raise a complaint please?,"We're sorry for any inconvenience. Please describe the issue and your order number here, and our team lead will personally follow up within a day."
goodbye,General,Thanks for the help please?,You're welcome! Karibu tena — feel free to message us anytime. 😊
wholesale_reseller,Products,"Hey, Nataka kununua mengi kwa bei nafuu niuze je?","Yes, we supply wholesale for resellers and shopkeepers. Message us the quantity you need and we'll send you wholesale pricing."
greeting,General,"Niaje, Habari nisaidie?",Hi there! Welcome to Duka Fresh 👋 How can I help you today?
complaint_escalation,General,"Karibu, mimi ni customer, I'm not happy with how this was handled please?","We're sorry for any inconvenience. Please describe the issue and your order number here, and our team lead will personally follow up within a day."
wholesale_reseller,Products,Do you supply shops or only individuals?,"Yes, we supply wholesale for resellers and shopkeepers. Message us the quantity you need and we'll send you wholesale pricing."
price_negotiation,Products,"Hi, Can we negotiate the price asante?","Our prices are already quite fair, but for orders of 3+ items we do offer a discount. What quantity are you looking at?"
goodbye,General,"Habari, Thanks, bye sasa?",You're welcome! Karibu tena — feel free to message us anytime. 😊
price_negotiation,Products,"Hey, Punguza kidogo bei?","Our prices are already quite fair, but for orders of 3+ items we do offer a discount. What quantity are you looking at?"
wrong_item,Returns,Umenitumia size mbaya,"Sorry about that! Please send us a photo of the item you received along with your order number, and we'll arrange a replacement or refund."
international_shipping,Delivery,"Hello, Do you ship internationally nisaidie?",At the moment we only deliver within Kenya. We're working on international shipping for the future — stay tuned!
legitimacy_scam_concern,General,"Hey, Mko registered kihalali je?","Yes, we're a registered small business that's been operating since 2021. You can pay via M-Pesa till (safer than sending to a personal number) or cash on delivery."
product_availability,Products,Is the red one still available?,Let us check current stock for you — please share the product name or picture and the size/color you want.
minimum_order,Orders,"Naomba kuuliza, Do I have to buy a certain quantity basi?","No minimum order — you can buy just one item if you like, though delivery fees apply per order regardless of size."
wholesale_reseller,Products,Bei ya jumla ni ngapi ukichukua zaidi ya 20?,"Yes, we supply wholesale for resellers and shopkeepers. Message us the quantity you need and we'll send you wholesale pricing."
price_negotiation,Products,"Karibu, mimi ni customer, Can you reduce the price a bit basi?","Our prices are already quite fair, but for orders of 3+ items we do offer a discount. What quantity are you looking at?"
opening_hours,General,"Sasa, What time are you open?","We're open Monday-Saturday, 8am-7pm, and Sundays 10am-4pm. We're closed on major public holidays."
contact_human,General,"Quick question, I need to speak to customer care directly asante?","Of course! You can reach our customer care team directly on 0712 345 678 (call or WhatsApp), available 8am-7pm daily."
payment_confirmation,Payment,"Hey, Can you confirm you received my Mpesa je?",Let us confirm on our end — please share the M-Pesa transaction message/code so we can verify quickly and process your order.
legitimacy_scam_concern,General,"Excuse me, Do you have reviews from other customers?","Yes, we're a registered small business that's been operating since 2021. You can pay via M-Pesa till (safer than sending to a personal number) or cash on delivery."
combine_orders,Orders,"Sasa, Can I combine two orders into one delivery please?","Yes, just let us know both order numbers before dispatch and we'll combine them into a single delivery to save on shipping."
discount_bulk,Promotions,"Hi, Do you have discounts sasa?",Yes! Orders of 3 items or more get a 10% discount. Follow our WhatsApp status for weekly promo updates too.
receipt_request,Payments,"Msee, I need proof of purchase please?",Of course — we send an e-receipt via WhatsApp once payment is confirmed. Let us know if you need it for business/accounting purposes.
restock_notification,Products,"Habari, Item hii itapatikana lini naomba kujua?",We restock popular items every 1-2 weeks. Message us the item name and we'll notify you as soon as it's back.
refund_status,Returns,Umeprocess refund yangu?,"Refunds are processed within 24-48 hours back to the M-Pesa number used for payment. If it's been longer, please share your order number so we can check."
greeting,General,"Hi, poa?",Hi there! Welcome to Duka Fresh 👋 How can I help you today?
wrong_item,Returns,Item niliyopokea si sahihi naomba kujua?,"Sorry about that! Please send us a photo of the item you received along with your order number, and we'll arrange a replacement or refund."
mpesa_payment,Payment,"Niaje, Do you accept M-Pesa only?","Yes, we accept M-Pesa! Our Till Number is 123456 (Duka Fresh Shop). You can also pay cash on delivery within Nairobi."
gift_wrapping,Products,"Excuse me, Do you offer gift packaging sasa?",Yes! Just mention it's a gift when ordering and we'll wrap it nicely at no extra cost.
order_status,Orders,"Naomba kuuliza, Umetuma order yangu?",Let us check for you — please share your order number or the phone number used to place the order so we can track its current status.
receipt_request,Payments,"Samahani, Nataka invoice kwa order?",Of course — we send an e-receipt via WhatsApp once payment is confirmed. Let us know if you need it for business/accounting purposes.
legitimacy_scam_concern,General,"Excuse me, Ni kweli hii ni duka halisi je?","Yes, we're a registered small business that's been operating since 2021. You can pay via M-Pesa till (safer than sending to a personal number) or cash on delivery."
refund_status,Returns,"Excuse me, I'm still waiting for my refund sasa?","Refunds are processed within 24-48 hours back to the M-Pesa number used for payment. If it's been longer, please share your order number so we can check."
order_status,Orders,Order yangu iko wapi?,Let us check for you — please share your order number or the phone number used to place the order so we can track its current status.
combine_orders,Orders,"I made two separate orders, can they be delivered together naomba kujua?","Yes, just let us know both order numbers before dispatch and we'll combine them into a single delivery to save on shipping."
damaged_in_transit,Returns,"It arrived broken, what do I do?",We're sorry to hear that! Please send a photo of the damaged item and your order number — we'll replace it or refund you right away.
goodbye,General,Thanks for the help,You're welcome! Karibu tena — feel free to message us anytime. 😊
legitimacy_scam_concern,General,"Hello, How do I know this isn't a scam je?","Yes, we're a registered small business that's been operating since 2021. You can pay via M-Pesa till (safer than sending to a personal number) or cash on delivery."
payment_confirmation,Payment,"Msee, Umepokea pesa ya order yangu please?",Let us confirm on our end — please share the M-Pesa transaction message/code so we can verify quickly and process your order.
damaged_in_transit,Returns,Bidhaa imekuja ikiwa mbovu naomba msaada?,We're sorry to hear that! Please send a photo of the damaged item and your order number — we'll replace it or refund you right away.
installment_payment,Payments,Do you have a layby option basi?,We currently don't offer installment payments — full payment is required upfront via M-Pesa or on delivery within Nairobi.
receipt_request,Payments,"Poa, Nataka invoice kwa order nisaidie?",Of course — we send an e-receipt via WhatsApp once payment is confirmed. Let us know if you need it for business/accounting purposes.
social_media_catalog,General,Where can I see your full catalog naomba kujua?,"You can browse our full catalog on our Instagram and TikTok pages @dukafresh, or ask us here and we'll send you photos directly."
wrong_item,Returns,"Niaje, The product doesn't match the photo nisaidie?","Sorry about that! Please send us a photo of the item you received along with your order number, and we'll arrange a replacement or refund."
contact_human,General,"Niaje, Naomba nizungumze na mtu wa kweli sasa?","Of course! You can reach our customer care team directly on 0712 345 678 (call or WhatsApp), available 8am-7pm daily."
discount_bulk,Promotions,"Boss, Is there a discount code naomba kujua?",Yes! Orders of 3 items or more get a 10% discount. Follow our WhatsApp status for weekly promo updates too.
location_directions,General,"Excuse me, Send me your location please nisaidie?","We're located in Nairobi CBD, along Moi Avenue, 2nd floor Duka Fresh House. Message us for exact directions or a Google Maps pin."
refund_status,Returns,Pesa ya refund itaenda lini kwa M-Pesa?,"Refunds are processed within 24-48 hours back to the M-Pesa number used for payment. If it's been longer, please share your order number so we can check."
opening_hours,General,Mko open Jumapili?,"We're open Monday-Saturday, 8am-7pm, and Sundays 10am-4pm. We're closed on major public holidays."
mpesa_payment,Payment,Send me the paybill number?,"Yes, we accept M-Pesa! Our Till Number is 123456 (Duka Fresh Shop). You can also pay cash on delivery within Nairobi."
delivery_time,Delivery,Utafika lini na order?,"Within Nairobi, delivery usually takes 1-2 days via boda. Outside Nairobi, it takes 2-4 days depending on the courier (e.g. Wells Fargo, G4S)."
delivery_cost,Delivery,"Msee, What's the shipping fee to Mombasa?","Delivery within Nairobi CBD costs Ksh 150, other Nairobi areas Ksh 200-300. Upcountry deliveries via courier range from Ksh 300-600 depending on location."
goodbye,General,"Niaje, Asante, kwaheri?",You're welcome! Karibu tena — feel free to message us anytime. 😊
refund_status,Returns,"Naomba kuuliza, Pesa ya refund itaenda lini kwa M-Pesa asante?","Refunds are processed within 24-48 hours back to the M-Pesa number used for payment. If it's been longer, please share your order number so we can check."
location_directions,General,"Samahani, Duka lenu liko wapi?","We're located in Nairobi CBD, along Moi Avenue, 2nd floor Duka Fresh House. Message us for exact directions or a Google Maps pin."
return_policy,Returns,"Msee, Do you accept returns asante?","You can return or exchange an item within 3 days of delivery, as long as it's unused and in original packaging. Just message us with your order number."
mpesa_payment,Payment,Till number ni gani?,"Yes, we accept M-Pesa! Our Till Number is 123456 (Duka Fresh Shop). You can also pay cash on delivery within Nairobi."
combine_orders,Orders,"Excuse me, Naeza unganisha order mbili ziende pamoja naomba kujua?","Yes, just let us know both order numbers before dispatch and we'll combine them into a single delivery to save on shipping."
legitimacy_scam_concern,General,"Niaje, Is this shop legit naomba msaada?","Yes, we're a registered small business that's been operating since 2021. You can pay via M-Pesa till (safer than sending to a personal number) or cash on delivery."
receipt_request,Payments,"Hey, Can I get a receipt for my purchase sasa?",Of course — we send an e-receipt via WhatsApp once payment is confirmed. Let us know if you need it for business/accounting purposes.
goodbye,General,Ok thanks please?,You're welcome! Karibu tena — feel free to message us anytime. 😊
refund_status,Returns,Refund yangu itafika lini?,"Refunds are processed within 24-48 hours back to the M-Pesa number used for payment. If it's been longer, please share your order number so we can check."
combine_orders,Orders,"I made two separate orders, can they be delivered together basi?","Yes, just let us know both order numbers before dispatch and we'll combine them into a single delivery to save on shipping."
mpesa_payment,Payment,Can I pay on delivery?,"Yes, we accept M-Pesa! Our Till Number is 123456 (Duka Fresh Shop). You can also pay cash on delivery within Nairobi."
opening_hours,General,Is the shop open today sasa?,"We're open Monday-Saturday, 8am-7pm, and Sundays 10am-4pm. We're closed on major public holidays."
mpesa_payment,Payment,"Karibu, mimi ni customer, Send me the paybill number asante?","Yes, we accept M-Pesa! Our Till Number is 123456 (Duka Fresh Shop). You can also pay cash on delivery within Nairobi."
discount_bulk,Promotions,Can I get a discount for bulk order?,Yes! Orders of 3 items or more get a 10% discount. Follow our WhatsApp status for weekly promo updates too.
location_directions,General,"Karibu, mimi ni customer, Naomba pin ya location yenu tafadhali?","We're located in Nairobi CBD, along Moi Avenue, 2nd floor Duka Fresh House. Message us for exact directions or a Google Maps pin."
mpesa_payment,Payment,"Niaje, Naomba number ya kutuma pesa?","Yes, we accept M-Pesa! Our Till Number is 123456 (Duka Fresh Shop). You can also pay cash on delivery within Nairobi."
contact_human,General,"Naomba kuuliza, Naomba msaada wa mtu, sio bot je?","Of course! You can reach our customer care team directly on 0712 345 678 (call or WhatsApp), available 8am-7pm daily."
gift_wrapping,Products,"Sasa, Naomba m-wrap kama gift asante?",Yes! Just mention it's a gift when ordering and we'll wrap it nicely at no extra cost.
courier_tracking_number,Delivery,"Hi, Can you give me a tracking number naomba msaada?",We'll share your courier's tracking number (e.g. G4S or Wells Fargo) via WhatsApp as soon as your order is dispatched.
international_shipping,Delivery,Mnatuma nje ya Kenya asante?,At the moment we only deliver within Kenya. We're working on international shipping for the future — stay tuned!
wrong_item,Returns,I received the wrong item,"Sorry about that! Please send us a photo of the item you received along with your order number, and we'll arrange a replacement or refund."
opening_hours,General,"Hi, Do you work on public holidays?","We're open Monday-Saturday, 8am-7pm, and Sundays 10am-4pm. We're closed on major public holidays."
wrong_item,Returns,"Hello, The product doesn't match the photo sasa?","Sorry about that! Please send us a photo of the item you received along with your order number, and we'll arrange a replacement or refund."
legitimacy_scam_concern,General,How do I know this isn't a scam?,"Yes, we're a registered small business that's been operating since 2021. You can pay via M-Pesa till (safer than sending to a personal number) or cash on delivery."
legitimacy_scam_concern,General,Is this shop legit?,"Yes, we're a registered small business that's been operating since 2021. You can pay via M-Pesa till (safer than sending to a personal number) or cash on delivery."
social_media_catalog,General,"Msee, Naomba muniangushie catalog asante?","You can browse our full catalog on our Instagram and TikTok pages @dukafresh, or ask us here and we'll send you photos directly."
contact_human,General,Naomba nizungumze na mtu wa kweli,"Of course! You can reach our customer care team directly on 0712 345 678 (call or WhatsApp), available 8am-7pm daily."
restock_notification,Products,"Quick question, When will this be back in stock?",We restock popular items every 1-2 weeks. Message us the item name and we'll notify you as soon as it's back.
damaged_in_transit,Returns,My item arrived broken please?,We're sorry to hear that! Please send a photo of the damaged item and your order number — we'll replace it or refund you right away.
location_directions,General,"Hi, Mko karibu na wapi sasa?","We're located in Nairobi CBD, along Moi Avenue, 2nd floor Duka Fresh House. Message us for exact directions or a Google Maps pin."
return_policy,Returns,Naeza change size ya item asante?,"You can return or exchange an item within 3 days of delivery, as long as it's unused and in original packaging. Just message us with your order number."
return_policy,Returns,Can I exchange for a different size?,"You can return or exchange an item within 3 days of delivery, as long as it's unused and in original packaging. Just message us with your order number."
location_directions,General,Where is your shop located tafadhali?,"We're located in Nairobi CBD, along Moi Avenue, 2nd floor Duka Fresh House. Message us for exact directions or a Google Maps pin."
payment_confirmation,Payment,"Nimetuma pesa, umepokea?",Let us confirm on our end — please share the M-Pesa transaction message/code so we can verify quickly and process your order.
refund_status,Returns,"Msee, When will I get my refund naomba msaada?","Refunds are processed within 24-48 hours back to the M-Pesa number used for payment. If it's been longer, please share your order number so we can check."
wrong_item,Returns,I got a damaged item je?,"Sorry about that! Please send us a photo of the item you received along with your order number, and we'll arrange a replacement or refund."
product_availability,Products,Hii bidhaa bado inapatikana?,Let us check current stock for you — please share the product name or picture and the size/color you want.
combine_orders,Orders,"Niaje, Naeza unganisha order mbili ziende pamoja?","Yes, just let us know both order numbers before dispatch and we'll combine them into a single delivery to save on shipping."
delivery_cost,Delivery,"Msee, Unatoza delivery ngapi kwa CBD please?","Delivery within Nairobi CBD costs Ksh 150, other Nairobi areas Ksh 200-300. Upcountry deliveries via courier range from Ksh 300-600 depending on location."
location_directions,General,Naomba pin ya location yenu naomba msaada?,"We're located in Nairobi CBD, along Moi Avenue, 2nd floor Duka Fresh House. Message us for exact directions or a Google Maps pin."
minimum_order,Orders,"Hey, Kuna minimum order je?","No minimum order — you can buy just one item if you like, though delivery fees apply per order regardless of size."
order_status,Orders,"Habari, Umeshtuma bidhaa zangu je?",Let us check for you — please share your order number or the phone number used to place the order so we can track its current status.
goodbye,General,Thanks for the help je?,You're welcome! Karibu tena — feel free to message us anytime. 😊
wholesale_reseller,Products,"Poa, Nataka kununua mengi kwa bei nafuu niuze naomba msaada?","Yes, we supply wholesale for resellers and shopkeepers. Message us the quantity you need and we'll send you wholesale pricing."
delivery_cost,Delivery,"Boss, What's the shipping fee to Mombasa asante?","Delivery within Nairobi CBD costs Ksh 150, other Nairobi areas Ksh 200-300. Upcountry deliveries via courier range from Ksh 300-600 depending on location."
contact_human,General,Can someone call me back?,"Of course! You can reach our customer care team directly on 0712 345 678 (call or WhatsApp), available 8am-7pm daily."
restock_notification,Products,When will this be back in stock asante?,We restock popular items every 1-2 weeks. Message us the item name and we'll notify you as soon as it's back.
legitimacy_scam_concern,General,"Naomba kuuliza, Ni kweli hii ni duka halisi je?","Yes, we're a registered small business that's been operating since 2021. You can pay via M-Pesa till (safer than sending to a personal number) or cash on delivery."
delivery_cost,Delivery,How much is delivery naomba kujua?,"Delivery within Nairobi CBD costs Ksh 150, other Nairobi areas Ksh 200-300. Upcountry deliveries via courier range from Ksh 300-600 depending on location."
damaged_in_transit,Returns,"Excuse me, It arrived broken, what do I do please?",We're sorry to hear that! Please send a photo of the damaged item and your order number — we'll replace it or refund you right away.
wholesale_reseller,Products,"Niaje, I want to buy in bulk to resell?","Yes, we supply wholesale for resellers and shopkeepers. Message us the quantity you need and we'll send you wholesale pricing."
product_availability,Products,Bidhaa hii bado ipo?,Let us check current stock for you — please share the product name or picture and the size/color you want.
goodbye,General,"Quick question, Bye naomba msaada?",You're welcome! Karibu tena — feel free to message us anytime. 😊
order_status,Orders,"Sasa, Umetuma order yangu asante?",Let us check for you — please share your order number or the phone number used to place the order so we can track its current status.
minimum_order,Orders,Is there a minimum order amount?,"No minimum order — you can buy just one item if you like, though delivery fees apply per order regardless of size."
damaged_in_transit,Returns,"Poa, Bidhaa imekuja ikiwa mbovu naomba kujua?",We're sorry to hear that! Please send a photo of the damaged item and your order number — we'll replace it or refund you right away.
order_status,Orders,"Excuse me, Order yangu ipo stage gani basi?",Let us check for you — please share your order number or the phone number used to place the order so we can track its current status.
receipt_request,Payments,Do you issue invoices?,Of course — we send an e-receipt via WhatsApp once payment is confirmed. Let us know if you need it for business/accounting purposes.
discount_bulk,Promotions,Do you do wholesale prices?,Yes! Orders of 3 items or more get a 10% discount. Follow our WhatsApp status for weekly promo updates too.
greeting,General,"Sasa, Hey there nisaidie?",Hi there! Welcome to Duka Fresh 👋 How can I help you today?
product_availability,Products,"Excuse me, Bidhaa hii bado ipo?",Let us check current stock for you — please share the product name or picture and the size/color you want.
combine_orders,Orders,"Excuse me, I made two separate orders, can they be delivered together asante?","Yes, just let us know both order numbers before dispatch and we'll combine them into a single delivery to save on shipping."
complaint_escalation,General,"Hey, I'm not happy with how this was handled tafadhali?","We're sorry for any inconvenience. Please describe the issue and your order number here, and our team lead will personally follow up within a day."
payment_confirmation,Payment,"Poa, Payment yangu imeenda sawa?",Let us confirm on our end — please share the M-Pesa transaction message/code so we can verify quickly and process your order.
product_care_instructions,Products,"Hi, Naosha hii item aje?",Care instructions vary by product — we'll include a care label or send you specific washing/handling tips with your order.
wrong_item,Returns,The product doesn't match the photo,"Sorry about that! Please send us a photo of the item you received along with your order number, and we'll arrange a replacement or refund."
product_availability,Products,"Habari, Mnayo hii kwa size medium please?",Let us check current stock for you — please share the product name or picture and the size/color you want.
product_care_instructions,Products,"Excuse me, Utunzaji wa hii bidhaa ni aje sasa?",Care instructions vary by product — we'll include a care label or send you specific washing/handling tips with your order.
goodbye,General,"Boss, That's all, goodbye sasa?",You're welcome! Karibu tena — feel free to message us anytime. 😊
product_care_instructions,Products,"Sasa, Utunzaji wa hii bidhaa ni aje asante?",Care instructions vary by product — we'll include a care label or send you specific washing/handling tips with your order.
complaint_escalation,General,"Naomba kuuliza, Nataka kulalamika kuhusu huduma naomba msaada?","We're sorry for any inconvenience. Please describe the issue and your order number here, and our team lead will personally follow up within a day."
gift_wrapping,Products,"Boss, Do you offer gift packaging naomba msaada?",Yes! Just mention it's a gift when ordering and we'll wrap it nicely at no extra cost.
product_care_instructions,Products,"Samahani, How do I take care of this item basi?",Care instructions vary by product — we'll include a care label or send you specific washing/handling tips with your order.
discount_bulk,Promotions,"Excuse me, Is there a discount code je?",Yes! Orders of 3 items or more get a 10% discount. Follow our WhatsApp status for weekly promo updates too.
product_availability,Products,"Excuse me, Do you have more colors je?",Let us check current stock for you — please share the product name or picture and the size/color you want.
product_availability,Products,"Niaje, Hii bidhaa bado inapatikana naomba msaada?",Let us check current stock for you — please share the product name or picture and the size/color you want.
product_availability,Products,Do you have more colors?,Let us check current stock for you — please share the product name or picture and the size/color you want.
discount_bulk,Promotions,"Hey, Nikinunua vitu vitatu nafanya deal gani?",Yes! Orders of 3 items or more get a 10% discount. Follow our WhatsApp status for weekly promo updates too.
order_status,Orders,"Hello, Can you track my order for me?",Let us check for you — please share your order number or the phone number used to place the order so we can track its current status.
product_availability,Products,"Poa, Mko na hii design kwa size gani tafadhali?",Let us check current stock for you — please share the product name or picture and the size/color you want.
location_directions,General,Mko karibu na wapi?,"We're located in Nairobi CBD, along Moi Avenue, 2nd floor Duka Fresh House. Message us for exact directions or a Google Maps pin."
contact_human,General,I need to speak to customer care directly,"Of course! You can reach our customer care team directly on 0712 345 678 (call or WhatsApp), available 8am-7pm daily."
contact_human,General,"Poa, Naeza ongea na mtu naomba msaada?","Of course! You can reach our customer care team directly on 0712 345 678 (call or WhatsApp), available 8am-7pm daily."
delivery_cost,Delivery,"Poa, How much extra for delivery outside Nairobi please?","Delivery within Nairobi CBD costs Ksh 150, other Nairobi areas Ksh 200-300. Upcountry deliveries via courier range from Ksh 300-600 depending on location."
minimum_order,Orders,Can I order just one item?,"No minimum order — you can buy just one item if you like, though delivery fees apply per order regardless of size."
social_media_catalog,General,"Naomba kuuliza, Mko na Instagram au TikTok naomba msaada?","You can browse our full catalog on our Instagram and TikTok pages @dukafresh, or ask us here and we'll send you photos directly."
gift_wrapping,Products,Is gift wrapping available asante?,Yes! Just mention it's a gift when ordering and we'll wrap it nicely at no extra cost.
delivery_cost,Delivery,"Karibu, mimi ni customer, Delivery fee ni how much naomba kujua?","Delivery within Nairobi CBD costs Ksh 150, other Nairobi areas Ksh 200-300. Upcountry deliveries via courier range from Ksh 300-600 depending on location."
damaged_in_transit,Returns,"Msee, The package was damaged during delivery naomba kujua?",We're sorry to hear that! Please send a photo of the damaged item and your order number — we'll replace it or refund you right away.
installment_payment,Payments,"Poa, Naeza lipa nusu leo na nusu next week?",We currently don't offer installment payments — full payment is required upfront via M-Pesa or on delivery within Nairobi.
greeting,General,"Sasa, Hi, poa please?",Hi there! Welcome to Duka Fresh 👋 How can I help you today?
courier_tracking_number,Delivery,"Hello, Is there a tracking code for my delivery?",We'll share your courier's tracking number (e.g. G4S or Wells Fargo) via WhatsApp as soon as your order is dispatched.
goodbye,General,"Alright, later",You're welcome! Karibu tena — feel free to message us anytime. 😊
complaint_escalation,General,Nataka kulalamika kuhusu huduma?,"We're sorry for any inconvenience. Please describe the issue and your order number here, and our team lead will personally follow up within a day."
contact_human,General,Is there a human I can chat with?,"Of course! You can reach our customer care team directly on 0712 345 678 (call or WhatsApp), available 8am-7pm daily."
damaged_in_transit,Returns,"Msee, Item imefika ikiwa imeharibika sasa?",We're sorry to hear that! Please send a photo of the damaged item and your order number — we'll replace it or refund you right away.
opening_hours,General,"Hey, Do you work on public holidays naomba kujua?","We're open Monday-Saturday, 8am-7pm, and Sundays 10am-4pm. We're closed on major public holidays."
price_negotiation,Products,Is that your final price je?,"Our prices are already quite fair, but for orders of 3+ items we do offer a discount. What quantity are you looking at?"
legitimacy_scam_concern,General,"Hi, Is this shop legit?","Yes, we're a registered small business that's been operating since 2021. You can pay via M-Pesa till (safer than sending to a personal number) or cash on delivery."
combine_orders,Orders,"Niaje, Can I combine two orders into one delivery naomba kujua?","Yes, just let us know both order numbers before dispatch and we'll combine them into a single delivery to save on shipping."
refund_status,Returns,"Poa, How long does a refund take naomba kujua?","Refunds are processed within 24-48 hours back to the M-Pesa number used for payment. If it's been longer, please share your order number so we can check."
courier_tracking_number,Delivery,"Sasa, Naomba tracking number ya order yangu je?",We'll share your courier's tracking number (e.g. G4S or Wells Fargo) via WhatsApp as soon as your order is dispatched.
cancel_order,Orders,"Poa, Sitaki tena hii order, cancel?","No problem — if your order hasn't been dispatched yet, we can cancel it and refund via M-Pesa. Please share your order number to proceed."
damaged_in_transit,Returns,"Hey, Bidhaa imekuja ikiwa mbovu?",We're sorry to hear that! Please send a photo of the damaged item and your order number — we'll replace it or refund you right away.
gift_wrapping,Products,"Habari, This is a birthday gift, can you pack it nicely je?",Yes! Just mention it's a gift when ordering and we'll wrap it nicely at no extra cost.
international_shipping,Delivery,"Quick question, Do you ship internationally?",At the moment we only deliver within Kenya. We're working on international shipping for the future — stay tuned!
contact_human,General,Nipe number ya kuongea na mtu tafadhali?,"Of course! You can reach our customer care team directly on 0712 345 678 (call or WhatsApp), available 8am-7pm daily."
damaged_in_transit,Returns,My item arrived broken basi?,We're sorry to hear that! Please send a photo of the damaged item and your order number — we'll replace it or refund you right away.
restock_notification,Products,"Naomba kuuliza, Can you tell me when it's restocked nisaidie?",We restock popular items every 1-2 weeks. Message us the item name and we'll notify you as soon as it's back.
minimum_order,Orders,Kuna minimum order?,"No minimum order — you can buy just one item if you like, though delivery fees apply per order regardless of size."
installment_payment,Payments,Naomba nilipe kidogo kidogo please?,We currently don't offer installment payments — full payment is required upfront via M-Pesa or on delivery within Nairobi.
location_directions,General,"Hello, Can I visit the physical shop nisaidie?","We're located in Nairobi CBD, along Moi Avenue, 2nd floor Duka Fresh House. Message us for exact directions or a Google Maps pin."
complaint_escalation,General,How do I raise a complaint?,"We're sorry for any inconvenience. Please describe the issue and your order number here, and our team lead will personally follow up within a day."
discount_bulk,Promotions,Kuna discount ukibuy vitu vingi?,Yes! Orders of 3 items or more get a 10% discount. Follow our WhatsApp status for weekly promo updates too.
receipt_request,Payments,"Karibu, mimi ni customer, Do you issue invoices basi?",Of course — we send an e-receipt via WhatsApp once payment is confirmed. Let us know if you need it for business/accounting purposes.
return_policy,Returns,"Excuse me, Naeza return bidhaa?","You can return or exchange an item within 3 days of delivery, as long as it's unused and in original packaging. Just message us with your order number."
order_status,Orders,"Boss, Can you track my order for me sasa?",Let us check for you — please share your order number or the phone number used to place the order so we can track its current status.
damaged_in_transit,Returns,Bidhaa imekuja ikiwa mbovu?,We're sorry to hear that! Please send a photo of the damaged item and your order number — we'll replace it or refund you right away.
international_shipping,Delivery,"Poa, Do you ship internationally naomba kujua?",At the moment we only deliver within Kenya. We're working on international shipping for the future — stay tuned!
contact_human,General,"Karibu, mimi ni customer, Naeza ongea na mtu?","Of course! You can reach our customer care team directly on 0712 345 678 (call or WhatsApp), available 8am-7pm daily."
delivery_time,Delivery,How fast is your delivery within Nairobi?,"Within Nairobi, delivery usually takes 1-2 days via boda. Outside Nairobi, it takes 2-4 days depending on the courier (e.g. Wells Fargo, G4S)."
social_media_catalog,General,"Hey, Mko na Instagram au TikTok?","You can browse our full catalog on our Instagram and TikTok pages @dukafresh, or ask us here and we'll send you photos directly."
cancel_order,Orders,"Hi, How do I cancel an order I made nisaidie?","No problem — if your order hasn't been dispatched yet, we can cancel it and refund via M-Pesa. Please share your order number to proceed."
delivery_time,Delivery,"Hello, Order itafika lini kwa Rongai?","Within Nairobi, delivery usually takes 1-2 days via boda. Outside Nairobi, it takes 2-4 days depending on the courier (e.g. Wells Fargo, G4S)."
wrong_item,Returns,"Poa, Umenitumia size mbaya sasa?","Sorry about that! Please send us a photo of the item you received along with your order number, and we'll arrange a replacement or refund."
delivery_time,Delivery,"Sasa, Order itafika lini kwa Rongai naomba kujua?","Within Nairobi, delivery usually takes 1-2 days via boda. Outside Nairobi, it takes 2-4 days depending on the courier (e.g. Wells Fargo, G4S)."
contact_human,General,"This bot isn't helping, I need an agent","Of course! You can reach our customer care team directly on 0712 345 678 (call or WhatsApp), available 8am-7pm daily."
return_policy,Returns,"Msee, What if the item doesn't fit sasa?","You can return or exchange an item within 3 days of delivery, as long as it's unused and in original packaging. Just message us with your order number."
legitimacy_scam_concern,General,"Hello, Is this shop legit asante?","Yes, we're a registered small business that's been operating since 2021. You can pay via M-Pesa till (safer than sending to a personal number) or cash on delivery."
contact_human,General,"Naomba msaada wa mtu, sio bot nisaidie?","Of course! You can reach our customer care team directly on 0712 345 678 (call or WhatsApp), available 8am-7pm daily."
courier_tracking_number,Delivery,"Boss, Can you give me a tracking number sasa?",We'll share your courier's tracking number (e.g. G4S or Wells Fargo) via WhatsApp as soon as your order is dispatched.
return_policy,Returns,What is your return policy basi?,"You can return or exchange an item within 3 days of delivery, as long as it's unused and in original packaging. Just message us with your order number."
courier_tracking_number,Delivery,Naomba tracking number ya order yangu sasa?,We'll share your courier's tracking number (e.g. G4S or Wells Fargo) via WhatsApp as soon as your order is dispatched.
product_care_instructions,Products,"Samahani, How do I take care of this item nisaidie?",Care instructions vary by product — we'll include a care label or send you specific washing/handling tips with your order.
complaint_escalation,General,"Karibu, mimi ni customer, How do I raise a complaint?","We're sorry for any inconvenience. Please describe the issue and your order number here, and our team lead will personally follow up within a day."
legitimacy_scam_concern,General,"Habari, Ni kweli hii ni duka halisi je?","Yes, we're a registered small business that's been operating since 2021. You can pay via M-Pesa till (safer than sending to a personal number) or cash on delivery."
wrong_item,Returns,"Naomba kuuliza, Item niliyopokea si sahihi asante?","Sorry about that! Please send us a photo of the item you received along with your order number, and we'll arrange a replacement or refund."
receipt_request,Payments,"Naomba kuuliza, Nataka invoice kwa order nisaidie?",Of course — we send an e-receipt via WhatsApp once payment is confirmed. Let us know if you need it for business/accounting purposes.
wrong_item,Returns,"Samahani, Nimepata kitu tofauti na nilichoorder?","Sorry about that! Please send us a photo of the item you received along with your order number, and we'll arrange a replacement or refund."
gift_wrapping,Products,"Naomba kuuliza, Naomba m-wrap kama gift naomba msaada?",Yes! Just mention it's a gift when ordering and we'll wrap it nicely at no extra cost.
payment_confirmation,Payment,"Quick question, I have sent the money, have you received it naomba msaada?",Let us confirm on our end — please share the M-Pesa transaction message/code so we can verify quickly and process your order.
cancel_order,Orders,"Niaje, I want to cancel my order sasa?","No problem — if your order hasn't been dispatched yet, we can cancel it and refund via M-Pesa. Please share your order number to proceed."
delivery_time,Delivery,Delivery inachukua muda gani?,"Within Nairobi, delivery usually takes 1-2 days via boda. Outside Nairobi, it takes 2-4 days depending on the courier (e.g. Wells Fargo, G4S)."
refund_status,Returns,"Quick question, When will I get my refund naomba kujua?","Refunds are processed within 24-48 hours back to the M-Pesa number used for payment. If it's been longer, please share your order number so we can check."
location_directions,General,"Naomba kuuliza, Naomba pin ya location yenu naomba kujua?","We're located in Nairobi CBD, along Moi Avenue, 2nd floor Duka Fresh House. Message us for exact directions or a Google Maps pin."
restock_notification,Products,"Hello, Item hii itapatikana lini tafadhali?",We restock popular items every 1-2 weeks. Message us the item name and we'll notify you as soon as it's back.
goodbye,General,"Nimeshukuru, kwaheri?",You're welcome! Karibu tena — feel free to message us anytime. 😊
combine_orders,Orders,"Hey, I made two separate orders, can they be delivered together naomba msaada?","Yes, just let us know both order numbers before dispatch and we'll combine them into a single delivery to save on shipping."
cancel_order,Orders,Can I cancel this order?,"No problem — if your order hasn't been dispatched yet, we can cancel it and refund via M-Pesa. Please share your order number to proceed."
delivery_cost,Delivery,"Habari, Is delivery free basi?","Delivery within Nairobi CBD costs Ksh 150, other Nairobi areas Ksh 200-300. Upcountry deliveries via courier range from Ksh 300-600 depending on location."
restock_notification,Products,"Boss, Mtapata stock tena lini?",We restock popular items every 1-2 weeks. Message us the item name and we'll notify you as soon as it's back.
mpesa_payment,Payment,What's your till number?,"Yes, we accept M-Pesa! Our Till Number is 123456 (Duka Fresh Shop). You can also pay cash on delivery within Nairobi."
restock_notification,Products,Item hii itapatikana lini?,We restock popular items every 1-2 weeks. Message us the item name and we'll notify you as soon as it's back.
wrong_item,Returns,"Karibu, mimi ni customer, I got a damaged item naomba kujua?","Sorry about that! Please send us a photo of the item you received along with your order number, and we'll arrange a replacement or refund."
payment_confirmation,Payment,"I've paid, please confirm",Let us confirm on our end — please share the M-Pesa transaction message/code so we can verify quickly and process your order.
courier_tracking_number,Delivery,"Hey, How do I track my parcel with the courier?",We'll share your courier's tracking number (e.g. G4S or Wells Fargo) via WhatsApp as soon as your order is dispatched.
minimum_order,Orders,"Naomba kuuliza, Naeza order kitu kimoja tu naomba msaada?","No minimum order — you can buy just one item if you like, though delivery fees apply per order regardless of size."
restock_notification,Products,"Hello, Mtapata stock tena lini je?",We restock popular items every 1-2 weeks. Message us the item name and we'll notify you as soon as it's back.
location_directions,General,"Niaje, Naeza kuja duka moja kwa moja naomba msaada?","We're located in Nairobi CBD, along Moi Avenue, 2nd floor Duka Fresh House. Message us for exact directions or a Google Maps pin."
product_availability,Products,"Niaje, Hii bidhaa bado inapatikana nisaidie?",Let us check current stock for you — please share the product name or picture and the size/color you want.
restock_notification,Products,When will this be back in stock?,We restock popular items every 1-2 weeks. Message us the item name and we'll notify you as soon as it's back.
courier_tracking_number,Delivery,Is there a tracking code for my delivery?,We'll share your courier's tracking number (e.g. G4S or Wells Fargo) via WhatsApp as soon as your order is dispatched.
contact_human,General,"Habari, Please connect me to someone?","Of course! You can reach our customer care team directly on 0712 345 678 (call or WhatsApp), available 8am-7pm daily."
cancel_order,Orders,"Karibu, mimi ni customer, Sitaki tena hii order, cancel basi?","No problem — if your order hasn't been dispatched yet, we can cancel it and refund via M-Pesa. Please share your order number to proceed."
damaged_in_transit,Returns,My item arrived broken,We're sorry to hear that! Please send a photo of the damaged item and your order number — we'll replace it or refund you right away.
minimum_order,Orders,"Boss, Naeza order kitu kimoja tu?","No minimum order — you can buy just one item if you like, though delivery fees apply per order regardless of size."
payment_confirmation,Payment,"Niaje, Nimetuma pesa, umepokea?",Let us confirm on our end — please share the M-Pesa transaction message/code so we can verify quickly and process your order.
installment_payment,Payments,"Quick question, Is there a payment plan je?",We currently don't offer installment payments — full payment is required upfront via M-Pesa or on delivery within Nairobi.
product_availability,Products,Mko na hii design kwa size gani?,Let us check current stock for you — please share the product name or picture and the size/color you want.
restock_notification,Products,Please notify me when available again basi?,We restock popular items every 1-2 weeks. Message us the item name and we'll notify you as soon as it's back.
product_care_instructions,Products,"Samahani, Naosha hii item aje?",Care instructions vary by product — we'll include a care label or send you specific washing/handling tips with your order.
complaint_escalation,General,"Hey, Naomba kuongea na manager kuhusu tatizo?","We're sorry for any inconvenience. Please describe the issue and your order number here, and our team lead will personally follow up within a day."
wrong_item,Returns,"Niaje, I got a damaged item basi?","Sorry about that! Please send us a photo of the item you received along with your order number, and we'll arrange a replacement or refund."
order_status,Orders,Umeshtuma bidhaa zangu?,Let us check for you — please share your order number or the phone number used to place the order so we can track its current status.
order_status,Orders,"Naomba kuuliza, What's the status of my order naomba msaada?",Let us check for you — please share your order number or the phone number used to place the order so we can track its current status.
greeting,General,Mambo vipi,Hi there! Welcome to Duka Fresh 👋 How can I help you today?
damaged_in_transit,Returns,Item imefika ikiwa imeharibika,We're sorry to hear that! Please send a photo of the damaged item and your order number — we'll replace it or refund you right away.
opening_hours,General,Mnafungua saa ngapi please?,"We're open Monday-Saturday, 8am-7pm, and Sundays 10am-4pm. We're closed on major public holidays."
discount_bulk,Promotions,"Hello, Any ongoing sale basi?",Yes! Orders of 3 items or more get a 10% discount. Follow our WhatsApp status for weekly promo updates too.
payment_confirmation,Payment,"Hey, Umeconfirm payment yangu asante?",Let us confirm on our end — please share the M-Pesa transaction message/code so we can verify quickly and process your order.
greeting,General,"Excuse me, Hello, is anyone there?",Hi there! Welcome to Duka Fresh 👋 How can I help you today?
installment_payment,Payments,"Hello, Naeza lipa nusu leo na nusu next week please?",We currently don't offer installment payments — full payment is required upfront via M-Pesa or on delivery within Nairobi.
damaged_in_transit,Returns,"Boss, Item imefika ikiwa imeharibika basi?",We're sorry to hear that! Please send a photo of the damaged item and your order number — we'll replace it or refund you right away.
damaged_in_transit,Returns,"Niaje, It arrived broken, what do I do please?",We're sorry to hear that! Please send a photo of the damaged item and your order number — we'll replace it or refund you right away.
minimum_order,Orders,Naeza order kitu kimoja tu je?,"No minimum order — you can buy just one item if you like, though delivery fees apply per order regardless of size."
opening_hours,General,Is the shop open today?,"We're open Monday-Saturday, 8am-7pm, and Sundays 10am-4pm. We're closed on major public holidays."
social_media_catalog,General,Where can I follow you online?,"You can browse our full catalog on our Instagram and TikTok pages @dukafresh, or ask us here and we'll send you photos directly."
discount_bulk,Promotions,"Msee, Mko na promotion yoyote?",Yes! Orders of 3 items or more get a 10% discount. Follow our WhatsApp status for weekly promo updates too.
opening_hours,General,"Karibu, mimi ni customer, What time do you close basi?","We're open Monday-Saturday, 8am-7pm, and Sundays 10am-4pm. We're closed on major public holidays."
return_policy,Returns,"Niaje, Return policy yenu ni gani?","You can return or exchange an item within 3 days of delivery, as long as it's unused and in original packaging. Just message us with your order number."
mpesa_payment,Payment,"Boss, Send me the paybill number sasa?","Yes, we accept M-Pesa! Our Till Number is 123456 (Duka Fresh Shop). You can also pay cash on delivery within Nairobi."
payment_confirmation,Payment,"I have sent the money, have you received it?",Let us confirm on our end — please share the M-Pesa transaction message/code so we can verify quickly and process your order.
location_directions,General,"Hi, Duka lenu liko wapi naomba msaada?","We're located in Nairobi CBD, along Moi Avenue, 2nd floor Duka Fresh House. Message us for exact directions or a Google Maps pin."
legitimacy_scam_concern,General,"Msee, Mko registered kihalali?","Yes, we're a registered small business that's been operating since 2021. You can pay via M-Pesa till (safer than sending to a personal number) or cash on delivery."
mpesa_payment,Payment,"Hey, Paybill na account number ni gani?","Yes, we accept M-Pesa! Our Till Number is 123456 (Duka Fresh Shop). You can also pay cash on delivery within Nairobi."
receipt_request,Payments,"Hi, Nataka invoice kwa order nisaidie?",Of course — we send an e-receipt via WhatsApp once payment is confirmed. Let us know if you need it for business/accounting purposes.
wholesale_reseller,Products,"Niaje, Naeza pata bei ya wholesale nisaidie?","Yes, we supply wholesale for resellers and shopkeepers. Message us the quantity you need and we'll send you wholesale pricing."
greeting,General,"Hi, Hi asante?",Hi there! Welcome to Duka Fresh 👋 How can I help you today?
delivery_cost,Delivery,"Habari, Delivery fee ni how much tafadhali?","Delivery within Nairobi CBD costs Ksh 150, other Nairobi areas Ksh 200-300. Upcountry deliveries via courier range from Ksh 300-600 depending on location."
receipt_request,Payments,Nataka invoice kwa order,Of course — we send an e-receipt via WhatsApp once payment is confirmed. Let us know if you need it for business/accounting purposes.
installment_payment,Payments,"Habari, Can I pay in installments nisaidie?",We currently don't offer installment payments — full payment is required upfront via M-Pesa or on delivery within Nairobi.
delivery_time,Delivery,How many days for delivery to Kisumu?,"Within Nairobi, delivery usually takes 1-2 days via boda. Outside Nairobi, it takes 2-4 days depending on the courier (e.g. Wells Fargo, G4S)."
complaint_escalation,General,"Niaje, Nataka kulalamika kuhusu huduma please?","We're sorry for any inconvenience. Please describe the issue and your order number here, and our team lead will personally follow up within a day."
discount_bulk,Promotions,"Naomba kuuliza, Bei inashuka nikichukua zaidi ya moja nisaidie?",Yes! Orders of 3 items or more get a 10% discount. Follow our WhatsApp status for weekly promo updates too.
receipt_request,Payments,Do you issue invoices naomba msaada?,Of course — we send an e-receipt via WhatsApp once payment is confirmed. Let us know if you need it for business/accounting purposes.
delivery_time,Delivery,"Hey, How long does delivery take please?","Within Nairobi, delivery usually takes 1-2 days via boda. Outside Nairobi, it takes 2-4 days depending on the courier (e.g. Wells Fargo, G4S)."
legitimacy_scam_concern,General,"Poa, Do you have reviews from other customers nisaidie?","Yes, we're a registered small business that's been operating since 2021. You can pay via M-Pesa till (safer than sending to a personal number) or cash on delivery."
installment_payment,Payments,"Hi, Can I pay in installments?",We currently don't offer installment payments — full payment is required upfront via M-Pesa or on delivery within Nairobi.
price_negotiation,Products,Hakuna low price kidogo?,"Our prices are already quite fair, but for orders of 3+ items we do offer a discount. What quantity are you looking at?"
gift_wrapping,Products,"Hello, Is gift wrapping available asante?",Yes! Just mention it's a gift when ordering and we'll wrap it nicely at no extra cost.
order_status,Orders,Where is my order?,Let us check for you — please share your order number or the phone number used to place the order so we can track its current status.
product_care_instructions,Products,"Sasa, Can it be machine washed asante?",Care instructions vary by product — we'll include a care label or send you specific washing/handling tips with your order.
refund_status,Returns,"Msee, Pesa ya refund itaenda lini kwa M-Pesa?","Refunds are processed within 24-48 hours back to the M-Pesa number used for payment. If it's been longer, please share your order number so we can check."
return_policy,Returns,"Quick question, Naeza change size ya item basi?","You can return or exchange an item within 3 days of delivery, as long as it's unused and in original packaging. Just message us with your order number."
refund_status,Returns,"Excuse me, When will I get my refund naomba msaada?","Refunds are processed within 24-48 hours back to the M-Pesa number used for payment. If it's been longer, please share your order number so we can check."
mpesa_payment,Payment,How do I pay via M-Pesa?,"Yes, we accept M-Pesa! Our Till Number is 123456 (Duka Fresh Shop). You can also pay cash on delivery within Nairobi."
international_shipping,Delivery,"Poa, Mnatuma nje ya Kenya please?",At the moment we only deliver within Kenya. We're working on international shipping for the future — stay tuned!
receipt_request,Payments,I need proof of purchase,Of course — we send an e-receipt via WhatsApp once payment is confirmed. Let us know if you need it for business/accounting purposes.
opening_hours,General,"Niaje, Mnafungua saa ngapi?","We're open Monday-Saturday, 8am-7pm, and Sundays 10am-4pm. We're closed on major public holidays."
damaged_in_transit,Returns,My item arrived broken asante?,We're sorry to hear that! Please send a photo of the damaged item and your order number — we'll replace it or refund you right away.
delivery_cost,Delivery,Delivery ni bei gani?,"Delivery within Nairobi CBD costs Ksh 150, other Nairobi areas Ksh 200-300. Upcountry deliveries via courier range from Ksh 300-600 depending on location."
product_care_instructions,Products,"Sasa, Naosha hii item aje je?",Care instructions vary by product — we'll include a care label or send you specific washing/handling tips with your order.
greeting,General,"Karibu, mimi ni customer, Sasa?",Hi there! Welcome to Duka Fresh 👋 How can I help you today?
refund_status,Returns,"Karibu, mimi ni customer, Refund yangu itafika lini nisaidie?","Refunds are processed within 24-48 hours back to the M-Pesa number used for payment. If it's been longer, please share your order number so we can check."
product_care_instructions,Products,"Quick question, Do I need to hand wash this asante?",Care instructions vary by product — we'll include a care label or send you specific washing/handling tips with your order.
social_media_catalog,General,"Samahani, Mko na Instagram au TikTok please?","You can browse our full catalog on our Instagram and TikTok pages @dukafresh, or ask us here and we'll send you photos directly."
discount_bulk,Promotions,"Boss, Mko na promotion yoyote je?",Yes! Orders of 3 items or more get a 10% discount. Follow our WhatsApp status for weekly promo updates too.
product_availability,Products,"Karibu, mimi ni customer, Is the red one still available?",Let us check current stock for you — please share the product name or picture and the size/color you want.
product_availability,Products,Do you have this in stock?,Let us check current stock for you — please share the product name or picture and the size/color you want.
discount_bulk,Promotions,"Hello, Kuna discount ukibuy vitu vingi sasa?",Yes! Orders of 3 items or more get a 10% discount. Follow our WhatsApp status for weekly promo updates too.
combine_orders,Orders,"Naomba kuuliza, Can you merge my orders to save on delivery?","Yes, just let us know both order numbers before dispatch and we'll combine them into a single delivery to save on shipping."
installment_payment,Payments,"Sasa, Can I pay in installments nisaidie?",We currently don't offer installment payments — full payment is required upfront via M-Pesa or on delivery within Nairobi.
price_negotiation,Products,"Karibu, mimi ni customer, Punguza kidogo bei?","Our prices are already quite fair, but for orders of 3+ items we do offer a discount. What quantity are you looking at?"
wholesale_reseller,Products,Can I become a stockist for your products nisaidie?,"Yes, we supply wholesale for resellers and shopkeepers. Message us the quantity you need and we'll send you wholesale pricing."
location_directions,General,"Hello, Mko karibu na wapi?","We're located in Nairobi CBD, along Moi Avenue, 2nd floor Duka Fresh House. Message us for exact directions or a Google Maps pin."
international_shipping,Delivery,"Hey, Do you ship outside Kenya tafadhali?",At the moment we only deliver within Kenya. We're working on international shipping for the future — stay tuned!
order_status,Orders,"Sasa, Has my order been shipped basi?",Let us check for you — please share your order number or the phone number used to place the order so we can track its current status.
cancel_order,Orders,"Sitaki tena hii order, cancel?","No problem — if your order hasn't been dispatched yet, we can cancel it and refund via M-Pesa. Please share your order number to proceed."
social_media_catalog,General,Naomba muniangushie catalog,"You can browse our full catalog on our Instagram and TikTok pages @dukafresh, or ask us here and we'll send you photos directly."
greeting,General,"Hi, poa naomba kujua?",Hi there! Welcome to Duka Fresh 👋 How can I help you today?
delivery_cost,Delivery,Delivery fee ni how much?,"Delivery within Nairobi CBD costs Ksh 150, other Nairobi areas Ksh 200-300. Upcountry deliveries via courier range from Ksh 300-600 depending on location."
installment_payment,Payments,"Quick question, Naeza lipa pole pole?",We currently don't offer installment payments — full payment is required upfront via M-Pesa or on delivery within Nairobi.
social_media_catalog,General,Where can I follow you online tafadhali?,"You can browse our full catalog on our Instagram and TikTok pages @dukafresh, or ask us here and we'll send you photos directly."
opening_hours,General,What are your working hours?,"We're open Monday-Saturday, 8am-7pm, and Sundays 10am-4pm. We're closed on major public holidays."
combine_orders,Orders,"Excuse me, Naeza unganisha order mbili ziende pamoja je?","Yes, just let us know both order numbers before dispatch and we'll combine them into a single delivery to save on shipping."
goodbye,General,"Poa, That's all, goodbye?",You're welcome! Karibu tena — feel free to message us anytime. 😊
payment_confirmation,Payment,Umepokea pesa ya order yangu?,Let us confirm on our end — please share the M-Pesa transaction message/code so we can verify quickly and process your order.
refund_status,Returns,"Habari, Umenirudishia pesa please?","Refunds are processed within 24-48 hours back to the M-Pesa number used for payment. If it's been longer, please share your order number so we can check."
cancel_order,Orders,"Hello, Nimebadili mawazo, cancel order nisaidie?","No problem — if your order hasn't been dispatched yet, we can cancel it and refund via M-Pesa. Please share your order number to proceed."
delivery_cost,Delivery,What's the shipping fee to Mombasa?,"Delivery within Nairobi CBD costs Ksh 150, other Nairobi areas Ksh 200-300. Upcountry deliveries via courier range from Ksh 300-600 depending on location."
damaged_in_transit,Returns,"Naomba kuuliza, It arrived broken, what do I do nisaidie?",We're sorry to hear that! Please send a photo of the damaged item and your order number — we'll replace it or refund you right away.
combine_orders,Orders,"Quick question, Can I combine two orders into one delivery asante?","Yes, just let us know both order numbers before dispatch and we'll combine them into a single delivery to save on shipping."
international_shipping,Delivery,Mnatuma nje ya Kenya please?,At the moment we only deliver within Kenya. We're working on international shipping for the future — stay tuned!
social_media_catalog,General,"Naomba kuuliza, Send me your product catalog?","You can browse our full catalog on our Instagram and TikTok pages @dukafresh, or ask us here and we'll send you photos directly."
goodbye,General,Ok bye bye,You're welcome! Karibu tena — feel free to message us anytime. 😊
complaint_escalation,General,Nataka kulalamika kuhusu huduma,"We're sorry for any inconvenience. Please describe the issue and your order number here, and our team lead will personally follow up within a day."
opening_hours,General,"Hey, Do you work on public holidays asante?","We're open Monday-Saturday, 8am-7pm, and Sundays 10am-4pm. We're closed on major public holidays."
location_directions,General,"Hey, Naomba pin ya location yenu naomba kujua?","We're located in Nairobi CBD, along Moi Avenue, 2nd floor Duka Fresh House. Message us for exact directions or a Google Maps pin."
wholesale_reseller,Products,Can I become a stockist for your products?,"Yes, we supply wholesale for resellers and shopkeepers. Message us the quantity you need and we'll send you wholesale pricing."
opening_hours,General,Are you open on Sundays?,"We're open Monday-Saturday, 8am-7pm, and Sundays 10am-4pm. We're closed on major public holidays."
price_negotiation,Products,"Naomba kuuliza, Can you reduce the price a bit basi?","Our prices are already quite fair, but for orders of 3+ items we do offer a discount. What quantity are you looking at?"
courier_tracking_number,Delivery,"Sasa, How do I track my parcel with the courier nisaidie?",We'll share your courier's tracking number (e.g. G4S or Wells Fargo) via WhatsApp as soon as your order is dispatched.
restock_notification,Products,"Hello, When will this be back in stock naomba msaada?",We restock popular items every 1-2 weeks. Message us the item name and we'll notify you as soon as it's back.
restock_notification,Products,"Hello, Please notify me when available again?",We restock popular items every 1-2 weeks. Message us the item name and we'll notify you as soon as it's back.
social_media_catalog,General,"Karibu, mimi ni customer, Naomba muniangushie catalog naomba kujua?","You can browse our full catalog on our Instagram and TikTok pages @dukafresh, or ask us here and we'll send you photos directly."
complaint_escalation,General,"Habari, How do I raise a complaint nisaidie?","We're sorry for any inconvenience. Please describe the issue and your order number here, and our team lead will personally follow up within a day."
international_shipping,Delivery,"Samahani, Mnatuma nje ya Kenya basi?",At the moment we only deliver within Kenya. We're working on international shipping for the future — stay tuned!
minimum_order,Orders,"Habari, Is there a minimum order amount sasa?","No minimum order — you can buy just one item if you like, though delivery fees apply per order regardless of size."
legitimacy_scam_concern,General,Are you a genuine seller tafadhali?,"Yes, we're a registered small business that's been operating since 2021. You can pay via M-Pesa till (safer than sending to a personal number) or cash on delivery."
cancel_order,Orders,Is it possible to cancel after paying?,"No problem — if your order hasn't been dispatched yet, we can cancel it and refund via M-Pesa. Please share your order number to proceed."
return_policy,Returns,Return policy yenu ni gani?,"You can return or exchange an item within 3 days of delivery, as long as it's unused and in original packaging. Just message us with your order number."
gift_wrapping,Products,"Excuse me, Is gift wrapping available basi?",Yes! Just mention it's a gift when ordering and we'll wrap it nicely at no extra cost.
complaint_escalation,General,"Msee, How do I raise a complaint?","We're sorry for any inconvenience. Please describe the issue and your order number here, and our team lead will personally follow up within a day."
opening_hours,General,"Msee, What time do you close sasa?","We're open Monday-Saturday, 8am-7pm, and Sundays 10am-4pm. We're closed on major public holidays."
delivery_time,Delivery,Is delivery same day?,"Within Nairobi, delivery usually takes 1-2 days via boda. Outside Nairobi, it takes 2-4 days depending on the courier (e.g. Wells Fargo, G4S)."
installment_payment,Payments,"Hey, Do you have a layby option?",We currently don't offer installment payments — full payment is required upfront via M-Pesa or on delivery within Nairobi.
discount_bulk,Promotions,Bei inashuka nikichukua zaidi ya moja?,Yes! Orders of 3 items or more get a 10% discount. Follow our WhatsApp status for weekly promo updates too.
order_status,Orders,"Hi, Umetuma order yangu basi?",Let us check for you — please share your order number or the phone number used to place the order so we can track its current status.
discount_bulk,Promotions,"Quick question, Can I get a discount for bulk order basi?",Yes! Orders of 3 items or more get a 10% discount. Follow our WhatsApp status for weekly promo updates too.
greeting,General,"Excuse me, Hello naomba msaada?",Hi there! Welcome to Duka Fresh 👋 How can I help you today?
combine_orders,Orders,"Excuse me, I made two separate orders, can they be delivered together?","Yes, just let us know both order numbers before dispatch and we'll combine them into a single delivery to save on shipping."
payment_confirmation,Payment,"Poa, Nimesend pesa saa hii, angalia naomba msaada?",Let us confirm on our end — please share the M-Pesa transaction message/code so we can verify quickly and process your order.
wholesale_reseller,Products,"Poa, Do you sell wholesale?","Yes, we supply wholesale for resellers and shopkeepers. Message us the quantity you need and we'll send you wholesale pricing."
price_negotiation,Products,"Samahani, Can you reduce the price a bit?","Our prices are already quite fair, but for orders of 3+ items we do offer a discount. What quantity are you looking at?"
order_status,Orders,Is my parcel on the way?,Let us check for you — please share your order number or the phone number used to place the order so we can track its current status.
social_media_catalog,General,Do you have a Facebook page naomba msaada?,"You can browse our full catalog on our Instagram and TikTok pages @dukafresh, or ask us here and we'll send you photos directly."
delivery_cost,Delivery,"Karibu, mimi ni customer, Is delivery free?","Delivery within Nairobi CBD costs Ksh 150, other Nairobi areas Ksh 200-300. Upcountry deliveries via courier range from Ksh 300-600 depending on location."
refund_status,Returns,"Karibu, mimi ni customer, Refund yangu itafika lini asante?","Refunds are processed within 24-48 hours back to the M-Pesa number used for payment. If it's been longer, please share your order number so we can check."
product_availability,Products,"Sasa, Do you have this in stock basi?",Let us check current stock for you — please share the product name or picture and the size/color you want.
courier_tracking_number,Delivery,"Naomba kuuliza, Can you give me a tracking number tafadhali?",We'll share your courier's tracking number (e.g. G4S or Wells Fargo) via WhatsApp as soon as your order is dispatched.
international_shipping,Delivery,"Quick question, Mnatuma nje ya Kenya please?",At the moment we only deliver within Kenya. We're working on international shipping for the future — stay tuned!
return_policy,Returns,"Poa, Ninaeza rudisha item baada ya siku ngapi nisaidie?","You can return or exchange an item within 3 days of delivery, as long as it's unused and in original packaging. Just message us with your order number."
international_shipping,Delivery,"Hello, Can you deliver to Uganda?",At the moment we only deliver within Kenya. We're working on international shipping for the future — stay tuned!
price_negotiation,Products,"Hi, Naomba discount kidogo sasa?","Our prices are already quite fair, but for orders of 3+ items we do offer a discount. What quantity are you looking at?"
social_media_catalog,General,"Habari, Where can I follow you online nisaidie?","You can browse our full catalog on our Instagram and TikTok pages @dukafresh, or ask us here and we'll send you photos directly."
installment_payment,Payments,Can I pay in installments?,We currently don't offer installment payments — full payment is required upfront via M-Pesa or on delivery within Nairobi.
restock_notification,Products,Mtapata stock tena lini?,We restock popular items every 1-2 weeks. Message us the item name and we'll notify you as soon as it's back.
return_policy,Returns,"Hi, Ninaeza rudisha item baada ya siku ngapi basi?","You can return or exchange an item within 3 days of delivery, as long as it's unused and in original packaging. Just message us with your order number."
social_media_catalog,General,"Habari, Do you have a Facebook page sasa?","You can browse our full catalog on our Instagram and TikTok pages @dukafresh, or ask us here and we'll send you photos directly."
payment_confirmation,Payment,"Hello, Nimetuma pesa, umepokea basi?",Let us confirm on our end — please share the M-Pesa transaction message/code so we can verify quickly and process your order.
return_policy,Returns,"Hi, Can I return an item if I don't like it naomba kujua?","You can return or exchange an item within 3 days of delivery, as long as it's unused and in original packaging. Just message us with your order number."
contact_human,General,Please connect me to someone asante?,"Of course! You can reach our customer care team directly on 0712 345 678 (call or WhatsApp), available 8am-7pm daily."
order_status,Orders,Order iko na rider gani?,Let us check for you — please share your order number or the phone number used to place the order so we can track its current status.
receipt_request,Payments,Can I get a receipt for my purchase?,Of course — we send an e-receipt via WhatsApp once payment is confirmed. Let us know if you need it for business/accounting purposes.
return_policy,Returns,"Hey, Naeza return bidhaa?","You can return or exchange an item within 3 days of delivery, as long as it's unused and in original packaging. Just message us with your order number."
legitimacy_scam_concern,General,"Samahani, How do I know this isn't a scam sasa?","Yes, we're a registered small business that's been operating since 2021. You can pay via M-Pesa till (safer than sending to a personal number) or cash on delivery."
mpesa_payment,Payment,Naeza lipa na M-Pesa?,"Yes, we accept M-Pesa! Our Till Number is 123456 (Duka Fresh Shop). You can also pay cash on delivery within Nairobi."
gift_wrapping,Products,"Karibu, mimi ni customer, Can you gift wrap my order nisaidie?",Yes! Just mention it's a gift when ordering and we'll wrap it nicely at no extra cost.
installment_payment,Payments,"Hey, Do you have a layby option tafadhali?",We currently don't offer installment payments — full payment is required upfront via M-Pesa or on delivery within Nairobi.
product_care_instructions,Products,Naosha hii item aje?,Care instructions vary by product — we'll include a care label or send you specific washing/handling tips with your order.
refund_status,Returns,Has my refund been processed?,"Refunds are processed within 24-48 hours back to the M-Pesa number used for payment. If it's been longer, please share your order number so we can check."
discount_bulk,Promotions,Any ongoing sale?,Yes! Orders of 3 items or more get a 10% discount. Follow our WhatsApp status for weekly promo updates too.
combine_orders,Orders,"Naomba kuuliza, Can I combine two orders into one delivery naomba kujua?","Yes, just let us know both order numbers before dispatch and we'll combine them into a single delivery to save on shipping."
complaint_escalation,General,"Habari, Naomba kuongea na manager kuhusu tatizo?","We're sorry for any inconvenience. Please describe the issue and your order number here, and our team lead will personally follow up within a day."
receipt_request,Payments,"Hey, Naomba receipt ya order yangu sasa?",Of course — we send an e-receipt via WhatsApp once payment is confirmed. Let us know if you need it for business/accounting purposes.
refund_status,Returns,Refund inachukua muda gani?,"Refunds are processed within 24-48 hours back to the M-Pesa number used for payment. If it's been longer, please share your order number so we can check."
product_availability,Products,"Excuse me, Is the red one still available sasa?",Let us check current stock for you — please share the product name or picture and the size/color you want.
product_care_instructions,Products,"Naomba kuuliza, How do I take care of this item please?",Care instructions vary by product — we'll include a care label or send you specific washing/handling tips with your order.
return_policy,Returns,What is your return policy?,"You can return or exchange an item within 3 days of delivery, as long as it's unused and in original packaging. Just message us with your order number."
mpesa_payment,Payment,Do you accept M-Pesa only?,"Yes, we accept M-Pesa! Our Till Number is 123456 (Duka Fresh Shop). You can also pay cash on delivery within Nairobi."
restock_notification,Products,"Msee, Mkipata stock nijulishe tafadhali asante?",We restock popular items every 1-2 weeks. Message us the item name and we'll notify you as soon as it's back.
discount_bulk,Promotions,"Quick question, Do you have discounts sasa?",Yes! Orders of 3 items or more get a 10% discount. Follow our WhatsApp status for weekly promo updates too.
combine_orders,Orders,"Hi, Can I combine two orders into one delivery naomba msaada?","Yes, just let us know both order numbers before dispatch and we'll combine them into a single delivery to save on shipping."
product_care_instructions,Products,"Msee, How do I take care of this item je?",Care instructions vary by product — we'll include a care label or send you specific washing/handling tips with your order.
price_negotiation,Products,"Hi, Can we negotiate the price naomba kujua?","Our prices are already quite fair, but for orders of 3+ items we do offer a discount. What quantity are you looking at?"
contact_human,General,"Excuse me, Naomba nizungumze na mtu wa kweli naomba msaada?","Of course! You can reach our customer care team directly on 0712 345 678 (call or WhatsApp), available 8am-7pm daily."
receipt_request,Payments,"Niaje, Can you email me a receipt sasa?",Of course — we send an e-receipt via WhatsApp once payment is confirmed. Let us know if you need it for business/accounting purposes.
international_shipping,Delivery,Do you ship outside Kenya nisaidie?,At the moment we only deliver within Kenya. We're working on international shipping for the future — stay tuned!
cancel_order,Orders,"Boss, Nimebadili mawazo, cancel order basi?","No problem — if your order hasn't been dispatched yet, we can cancel it and refund via M-Pesa. Please share your order number to proceed."
restock_notification,Products,"Hi, Mtapata stock tena lini naomba kujua?",We restock popular items every 1-2 weeks. Message us the item name and we'll notify you as soon as it's back.
social_media_catalog,General,"Karibu, mimi ni customer, Naomba muniangushie catalog basi?","You can browse our full catalog on our Instagram and TikTok pages @dukafresh, or ask us here and we'll send you photos directly."
contact_human,General,"Hey, Naeza ongea na mtu?","Of course! You can reach our customer care team directly on 0712 345 678 (call or WhatsApp), available 8am-7pm daily."
social_media_catalog,General,"Hey, Do you have a Facebook page basi?","You can browse our full catalog on our Instagram and TikTok pages @dukafresh, or ask us here and we'll send you photos directly."
opening_hours,General,"Excuse me, Mnafungua saa ngapi naomba msaada?","We're open Monday-Saturday, 8am-7pm, and Sundays 10am-4pm. We're closed on major public holidays."
wrong_item,Returns,"Samahani, I received the wrong item tafadhali?","Sorry about that! Please send us a photo of the item you received along with your order number, and we'll arrange a replacement or refund."
discount_bulk,Promotions,Any offers this week?,Yes! Orders of 3 items or more get a 10% discount. Follow our WhatsApp status for weekly promo updates too.
payment_confirmation,Payment,Umeconfirm payment yangu?,Let us confirm on our end — please share the M-Pesa transaction message/code so we can verify quickly and process your order.
goodbye,General,"Niaje, Nimeshukuru, kwaheri nisaidie?",You're welcome! Karibu tena — feel free to message us anytime. 😊
international_shipping,Delivery,Mnatuma nje ya Kenya?,At the moment we only deliver within Kenya. We're working on international shipping for the future — stay tuned!
contact_human,General,"Hello, Is there a human I can chat with please?","Of course! You can reach our customer care team directly on 0712 345 678 (call or WhatsApp), available 8am-7pm daily."
damaged_in_transit,Returns,"Boss, My item arrived broken?",We're sorry to hear that! Please send a photo of the damaged item and your order number — we'll replace it or refund you right away.
return_policy,Returns,Naeza return bidhaa?,"You can return or exchange an item within 3 days of delivery, as long as it's unused and in original packaging. Just message us with your order number."
wrong_item,Returns,I got a damaged item,"Sorry about that! Please send us a photo of the item you received along with your order number, and we'll arrange a replacement or refund."
mpesa_payment,Payment,Naomba number ya kutuma pesa,"Yes, we accept M-Pesa! Our Till Number is 123456 (Duka Fresh Shop). You can also pay cash on delivery within Nairobi."
gift_wrapping,Products,"Quick question, Do you offer gift packaging tafadhali?",Yes! Just mention it's a gift when ordering and we'll wrap it nicely at no extra cost.
damaged_in_transit,Returns,"Hi, Bidhaa imekuja ikiwa mbovu tafadhali?",We're sorry to hear that! Please send a photo of the damaged item and your order number — we'll replace it or refund you right away.
combine_orders,Orders,"Excuse me, Naeza unganisha order mbili ziende pamoja?","Yes, just let us know both order numbers before dispatch and we'll combine them into a single delivery to save on shipping."
minimum_order,Orders,"Hello, Kuna minimum order?","No minimum order — you can buy just one item if you like, though delivery fees apply per order regardless of size."
location_directions,General,"Habari, Where is your shop located please?","We're located in Nairobi CBD, along Moi Avenue, 2nd floor Duka Fresh House. Message us for exact directions or a Google Maps pin."
price_negotiation,Products,"Poa, Can you reduce the price a bit je?","Our prices are already quite fair, but for orders of 3+ items we do offer a discount. What quantity are you looking at?"
international_shipping,Delivery,Do you ship outside Kenya?,At the moment we only deliver within Kenya. We're working on international shipping for the future — stay tuned!
wholesale_reseller,Products,"Sasa, Can I become a stockist for your products please?","Yes, we supply wholesale for resellers and shopkeepers. Message us the quantity you need and we'll send you wholesale pricing."
delivery_time,Delivery,"Habari, How long does delivery take tafadhali?","Within Nairobi, delivery usually takes 1-2 days via boda. Outside Nairobi, it takes 2-4 days depending on the courier (e.g. Wells Fargo, G4S)."
product_availability,Products,"Hey, Mko na hii design kwa size gani sasa?",Let us check current stock for you — please share the product name or picture and the size/color you want.
courier_tracking_number,Delivery,Naomba tracking number ya order yangu,We'll share your courier's tracking number (e.g. G4S or Wells Fargo) via WhatsApp as soon as your order is dispatched.
wrong_item,Returns,Umenitumia size mbaya asante?,"Sorry about that! Please send us a photo of the item you received along with your order number, and we'll arrange a replacement or refund."
product_care_instructions,Products,"Karibu, mimi ni customer, How do I take care of this item please?",Care instructions vary by product — we'll include a care label or send you specific washing/handling tips with your order.
product_availability,Products,"Sasa, Mnayo hii kwa size medium naomba msaada?",Let us check current stock for you — please share the product name or picture and the size/color you want.
return_policy,Returns,Can I return an item if I don't like it tafadhali?,"You can return or exchange an item within 3 days of delivery, as long as it's unused and in original packaging. Just message us with your order number."
receipt_request,Payments,Can you email me a receipt?,Of course — we send an e-receipt via WhatsApp once payment is confirmed. Let us know if you need it for business/accounting purposes.
price_negotiation,Products,"Naomba kuuliza, Naomba discount kidogo naomba msaada?","Our prices are already quite fair, but for orders of 3+ items we do offer a discount. What quantity are you looking at?"
legitimacy_scam_concern,General,Are you a genuine seller?,"Yes, we're a registered small business that's been operating since 2021. You can pay via M-Pesa till (safer than sending to a personal number) or cash on delivery."
wholesale_reseller,Products,Nataka kununua mengi kwa bei nafuu niuze basi?,"Yes, we supply wholesale for resellers and shopkeepers. Message us the quantity you need and we'll send you wholesale pricing."
legitimacy_scam_concern,General,"Naomba kuuliza, Do you have reviews from other customers naomba kujua?","Yes, we're a registered small business that's been operating since 2021. You can pay via M-Pesa till (safer than sending to a personal number) or cash on delivery."
delivery_time,Delivery,"Hi, How long does delivery take please?","Within Nairobi, delivery usually takes 1-2 days via boda. Outside Nairobi, it takes 2-4 days depending on the courier (e.g. Wells Fargo, G4S)."
greeting,General,"Quick question, Hi, poa?",Hi there! Welcome to Duka Fresh 👋 How can I help you today?
international_shipping,Delivery,"Karibu, mimi ni customer, Can you deliver to Uganda je?",At the moment we only deliver within Kenya. We're working on international shipping for the future — stay tuned!
opening_hours,General,Mko open saa ngapi mpaka saa ngapi?,"We're open Monday-Saturday, 8am-7pm, and Sundays 10am-4pm. We're closed on major public holidays."
location_directions,General,"Niaje, Where is your shop located?","We're located in Nairobi CBD, along Moi Avenue, 2nd floor Duka Fresh House. Message us for exact directions or a Google Maps pin."
wholesale_reseller,Products,"Sasa, Mnauza kwa bei ya jumla?","Yes, we supply wholesale for resellers and shopkeepers. Message us the quantity you need and we'll send you wholesale pricing."
wholesale_reseller,Products,"Poa, Nataka kununua mengi kwa bei nafuu niuze?","Yes, we supply wholesale for resellers and shopkeepers. Message us the quantity you need and we'll send you wholesale pricing."
discount_bulk,Promotions,"Poa, Can I get a discount for bulk order sasa?",Yes! Orders of 3 items or more get a 10% discount. Follow our WhatsApp status for weekly promo updates too.
opening_hours,General,"Msee, Mnafungua saa ngapi?","We're open Monday-Saturday, 8am-7pm, and Sundays 10am-4pm. We're closed on major public holidays."
payment_confirmation,Payment,"Hi, Payment yangu imeenda sawa basi?",Let us confirm on our end — please share the M-Pesa transaction message/code so we can verify quickly and process your order.
delivery_time,Delivery,"Quick question, Delivery inachukua muda gani naomba msaada?","Within Nairobi, delivery usually takes 1-2 days via boda. Outside Nairobi, it takes 2-4 days depending on the courier (e.g. Wells Fargo, G4S)."
delivery_cost,Delivery,"Sasa, Delivery charges ni ngapi naomba msaada?","Delivery within Nairobi CBD costs Ksh 150, other Nairobi areas Ksh 200-300. Upcountry deliveries via courier range from Ksh 300-600 depending on location."
delivery_cost,Delivery,Bei ya kutuma order Thika ni ngapi?,"Delivery within Nairobi CBD costs Ksh 150, other Nairobi areas Ksh 200-300. Upcountry deliveries via courier range from Ksh 300-600 depending on location."
wrong_item,Returns,Nimepata kitu tofauti na nilichoorder,"Sorry about that! Please send us a photo of the item you received along with your order number, and we'll arrange a replacement or refund."
courier_tracking_number,Delivery,"Samahani, Can you give me a tracking number je?",We'll share your courier's tracking number (e.g. G4S or Wells Fargo) via WhatsApp as soon as your order is dispatched.
discount_bulk,Promotions,"Hi, Any offers this week sasa?",Yes! Orders of 3 items or more get a 10% discount. Follow our WhatsApp status for weekly promo updates too.
courier_tracking_number,Delivery,"Hello, How do I track my parcel with the courier sasa?",We'll share your courier's tracking number (e.g. G4S or Wells Fargo) via WhatsApp as soon as your order is dispatched.
greeting,General,Habari,Hi there! Welcome to Duka Fresh 👋 How can I help you today?
delivery_time,Delivery,"Poa, How many days for delivery to Kisumu je?","Within Nairobi, delivery usually takes 1-2 days via boda. Outside Nairobi, it takes 2-4 days depending on the courier (e.g. Wells Fargo, G4S)."
legitimacy_scam_concern,General,"Excuse me, Ni kweli hii ni duka halisi naomba msaada?","Yes, we're a registered small business that's been operating since 2021. You can pay via M-Pesa till (safer than sending to a personal number) or cash on delivery."
refund_status,Returns,"Hello, Umenirudishia pesa tafadhali?","Refunds are processed within 24-48 hours back to the M-Pesa number used for payment. If it's been longer, please share your order number so we can check."
return_policy,Returns,"Hey, What if the item doesn't fit naomba msaada?","You can return or exchange an item within 3 days of delivery, as long as it's unused and in original packaging. Just message us with your order number."
social_media_catalog,General,"Boss, Do you have a Facebook page basi?","You can browse our full catalog on our Instagram and TikTok pages @dukafresh, or ask us here and we'll send you photos directly."
damaged_in_transit,Returns,"Habari, It arrived broken, what do I do tafadhali?",We're sorry to hear that! Please send a photo of the damaged item and your order number — we'll replace it or refund you right away.
damaged_in_transit,Returns,"Excuse me, Item imefika ikiwa imeharibika basi?",We're sorry to hear that! Please send a photo of the damaged item and your order number — we'll replace it or refund you right away.
restock_notification,Products,"Hello, Item hii itapatikana lini?",We restock popular items every 1-2 weeks. Message us the item name and we'll notify you as soon as it's back.
social_media_catalog,General,Do you have a Facebook page asante?,"You can browse our full catalog on our Instagram and TikTok pages @dukafresh, or ask us here and we'll send you photos directly."
mpesa_payment,Payment,"Excuse me, How do I send payment for my order naomba msaada?","Yes, we accept M-Pesa! Our Till Number is 123456 (Duka Fresh Shop). You can also pay cash on delivery within Nairobi."
international_shipping,Delivery,"Boss, Mnatuma nje ya Kenya asante?",At the moment we only deliver within Kenya. We're working on international shipping for the future — stay tuned!
combine_orders,Orders,Can I combine two orders into one delivery?,"Yes, just let us know both order numbers before dispatch and we'll combine them into a single delivery to save on shipping."
delivery_time,Delivery,How long does delivery take?,"Within Nairobi, delivery usually takes 1-2 days via boda. Outside Nairobi, it takes 2-4 days depending on the courier (e.g. Wells Fargo, G4S)."
restock_notification,Products,"Boss, Mkipata stock nijulishe tafadhali nisaidie?",We restock popular items every 1-2 weeks. Message us the item name and we'll notify you as soon as it's back.
cancel_order,Orders,"Karibu, mimi ni customer, Sitaki tena hii order, cancel?","No problem — if your order hasn't been dispatched yet, we can cancel it and refund via M-Pesa. Please share your order number to proceed."
combine_orders,Orders,"Msee, Can I combine two orders into one delivery naomba msaada?","Yes, just let us know both order numbers before dispatch and we'll combine them into a single delivery to save on shipping."
receipt_request,Payments,I need proof of purchase?,Of course — we send an e-receipt via WhatsApp once payment is confirmed. Let us know if you need it for business/accounting purposes.
delivery_time,Delivery,"Hey, Order itafika lini kwa Rongai please?","Within Nairobi, delivery usually takes 1-2 days via boda. Outside Nairobi, it takes 2-4 days depending on the courier (e.g. Wells Fargo, G4S)."
courier_tracking_number,Delivery,Naomba tracking number ya order yangu?,We'll share your courier's tracking number (e.g. G4S or Wells Fargo) via WhatsApp as soon as your order is dispatched.
international_shipping,Delivery,"Naomba kuuliza, Do you ship internationally please?",At the moment we only deliver within Kenya. We're working on international shipping for the future — stay tuned!
price_negotiation,Products,"Hi, Can we negotiate the price nisaidie?","Our prices are already quite fair, but for orders of 3+ items we do offer a discount. What quantity are you looking at?"
gift_wrapping,Products,"Boss, Do you offer gift packaging basi?",Yes! Just mention it's a gift when ordering and we'll wrap it nicely at no extra cost.
payment_confirmation,Payment,"Poa, I've paid, please confirm tafadhali?",Let us confirm on our end — please share the M-Pesa transaction message/code so we can verify quickly and process your order.
discount_bulk,Promotions,Nikinunua vitu vitatu nafanya deal gani?,Yes! Orders of 3 items or more get a 10% discount. Follow our WhatsApp status for weekly promo updates too.
product_availability,Products,Bidhaa hii bado ipo tafadhali?,Let us check current stock for you — please share the product name or picture and the size/color you want.
combine_orders,Orders,"Habari, Can I combine two orders into one delivery naomba kujua?","Yes, just let us know both order numbers before dispatch and we'll combine them into a single delivery to save on shipping."
refund_status,Returns,"Msee, When will I get my refund tafadhali?","Refunds are processed within 24-48 hours back to the M-Pesa number used for payment. If it's been longer, please share your order number so we can check."
order_status,Orders,"Excuse me, Can you track my order for me please?",Let us check for you — please share your order number or the phone number used to place the order so we can track its current status.
minimum_order,Orders,"Sasa, Do I have to buy a certain quantity please?","No minimum order — you can buy just one item if you like, though delivery fees apply per order regardless of size."
discount_bulk,Promotions,"Boss, Any offers this week naomba kujua?",Yes! Orders of 3 items or more get a 10% discount. Follow our WhatsApp status for weekly promo updates too.
wrong_item,Returns,Item niliyopokea si sahihi,"Sorry about that! Please send us a photo of the item you received along with your order number, and we'll arrange a replacement or refund."
installment_payment,Payments,Do you have a layby option?,We currently don't offer installment payments — full payment is required upfront via M-Pesa or on delivery within Nairobi.
greeting,General,"Hi, Hello, is anyone there basi?",Hi there! Welcome to Duka Fresh 👋 How can I help you today?
return_policy,Returns,"Quick question, Ninaeza rudisha item baada ya siku ngapi asante?","You can return or exchange an item within 3 days of delivery, as long as it's unused and in original packaging. Just message us with your order number."
legitimacy_scam_concern,General,"Hey, Do you have reviews from other customers?","Yes, we're a registered small business that's been operating since 2021. You can pay via M-Pesa till (safer than sending to a personal number) or cash on delivery."
price_negotiation,Products,"Samahani, Punguza kidogo bei nisaidie?","Our prices are already quite fair, but for orders of 3+ items we do offer a discount. What quantity are you looking at?"
receipt_request,Payments,"Niaje, Can I get a receipt for my purchase?",Of course — we send an e-receipt via WhatsApp once payment is confirmed. Let us know if you need it for business/accounting purposes.
receipt_request,Payments,"Hey, Can I get a receipt for my purchase naomba kujua?",Of course — we send an e-receipt via WhatsApp once payment is confirmed. Let us know if you need it for business/accounting purposes.
refund_status,Returns,Umenirudishia pesa?,"Refunds are processed within 24-48 hours back to the M-Pesa number used for payment. If it's been longer, please share your order number so we can check."
delivery_time,Delivery,Ninapata order lini nikiorder leo?,"Within Nairobi, delivery usually takes 1-2 days via boda. Outside Nairobi, it takes 2-4 days depending on the courier (e.g. Wells Fargo, G4S)."
order_status,Orders,"Sasa, Umeshtuma bidhaa zangu naomba kujua?",Let us check for you — please share your order number or the phone number used to place the order so we can track its current status.
discount_bulk,Promotions,Do you have discounts?,Yes! Orders of 3 items or more get a 10% discount. Follow our WhatsApp status for weekly promo updates too.
courier_tracking_number,Delivery,"Niaje, Naomba tracking number ya order yangu naomba msaada?",We'll share your courier's tracking number (e.g. G4S or Wells Fargo) via WhatsApp as soon as your order is dispatched.
goodbye,General,"Poa, That's all, goodbye naomba kujua?",You're welcome! Karibu tena — feel free to message us anytime. 😊
refund_status,Returns,Refund inachukua muda gani tafadhali?,"Refunds are processed within 24-48 hours back to the M-Pesa number used for payment. If it's been longer, please share your order number so we can check."
damaged_in_transit,Returns,"Hello, Item imefika ikiwa imeharibika?",We're sorry to hear that! Please send a photo of the damaged item and your order number — we'll replace it or refund you right away.
location_directions,General,Duka lenu liko wapi?,"We're located in Nairobi CBD, along Moi Avenue, 2nd floor Duka Fresh House. Message us for exact directions or a Google Maps pin."
legitimacy_scam_concern,General,"Habari, Do you have reviews from other customers nisaidie?","Yes, we're a registered small business that's been operating since 2021. You can pay via M-Pesa till (safer than sending to a personal number) or cash on delivery."
restock_notification,Products,"Sasa, Please notify me when available again asante?",We restock popular items every 1-2 weeks. Message us the item name and we'll notify you as soon as it's back.
gift_wrapping,Products,"Habari, Naomba m-wrap kama gift asante?",Yes! Just mention it's a gift when ordering and we'll wrap it nicely at no extra cost.
minimum_order,Orders,"Hey, Naeza order kitu kimoja tu?","No minimum order — you can buy just one item if you like, though delivery fees apply per order regardless of size."
minimum_order,Orders,"Excuse me, Is there a minimum order amount please?","No minimum order — you can buy just one item if you like, though delivery fees apply per order regardless of size."
damaged_in_transit,Returns,"Msee, It arrived broken, what do I do je?",We're sorry to hear that! Please send a photo of the damaged item and your order number — we'll replace it or refund you right away.
product_availability,Products,Do you have this in stock je?,Let us check current stock for you — please share the product name or picture and the size/color you want.
complaint_escalation,General,"Hello, I want to file a complaint?","We're sorry for any inconvenience. Please describe the issue and your order number here, and our team lead will personally follow up within a day."
wholesale_reseller,Products,"Msee, Can I become a stockist for your products?","Yes, we supply wholesale for resellers and shopkeepers. Message us the quantity you need and we'll send you wholesale pricing."
gift_wrapping,Products,"Samahani, Do you offer gift packaging?",Yes! Just mention it's a gift when ordering and we'll wrap it nicely at no extra cost.
product_availability,Products,"Msee, Do you have this in stock tafadhali?",Let us check current stock for you — please share the product name or picture and the size/color you want.
complaint_escalation,General,"Quick question, Nataka kulalamika kuhusu huduma asante?","We're sorry for any inconvenience. Please describe the issue and your order number here, and our team lead will personally follow up within a day."
legitimacy_scam_concern,General,"Hello, How do I know this isn't a scam?","Yes, we're a registered small business that's been operating since 2021. You can pay via M-Pesa till (safer than sending to a personal number) or cash on delivery."
complaint_escalation,General,Naomba kuongea na manager kuhusu tatizo,"We're sorry for any inconvenience. Please describe the issue and your order number here, and our team lead will personally follow up within a day."
mpesa_payment,Payment,"Naomba kuuliza, Can I pay on delivery nisaidie?","Yes, we accept M-Pesa! Our Till Number is 123456 (Duka Fresh Shop). You can also pay cash on delivery within Nairobi."
return_policy,Returns,Do you accept returns?,"You can return or exchange an item within 3 days of delivery, as long as it's unused and in original packaging. Just message us with your order number."
delivery_time,Delivery,"Boss, Is delivery same day?","Within Nairobi, delivery usually takes 1-2 days via boda. Outside Nairobi, it takes 2-4 days depending on the courier (e.g. Wells Fargo, G4S)."
product_availability,Products,"Quick question, Is the red one still available tafadhali?",Let us check current stock for you — please share the product name or picture and the size/color you want.
restock_notification,Products,"Excuse me, Mkipata stock nijulishe tafadhali nisaidie?",We restock popular items every 1-2 weeks. Message us the item name and we'll notify you as soon as it's back.
damaged_in_transit,Returns,"Hi, The package was damaged during delivery?",We're sorry to hear that! Please send a photo of the damaged item and your order number — we'll replace it or refund you right away.
mpesa_payment,Payment,"Hello, Naomba number ya kutuma pesa naomba msaada?","Yes, we accept M-Pesa! Our Till Number is 123456 (Duka Fresh Shop). You can also pay cash on delivery within Nairobi."
price_negotiation,Products,"Sasa, Punguza kidogo bei basi?","Our prices are already quite fair, but for orders of 3+ items we do offer a discount. What quantity are you looking at?"
order_status,Orders,Umetuma order yangu?,Let us check for you — please share your order number or the phone number used to place the order so we can track its current status.
product_care_instructions,Products,"Msee, Naosha hii item aje?",Care instructions vary by product — we'll include a care label or send you specific washing/handling tips with your order.
return_policy,Returns,"Hi, Return policy yenu ni gani nisaidie?","You can return or exchange an item within 3 days of delivery, as long as it's unused and in original packaging. Just message us with your order number."
legitimacy_scam_concern,General,"Msee, Are you a genuine seller please?","Yes, we're a registered small business that's been operating since 2021. You can pay via M-Pesa till (safer than sending to a personal number) or cash on delivery."
greeting,General,"Sasa, Habari naomba msaada?",Hi there! Welcome to Duka Fresh 👋 How can I help you today?
installment_payment,Payments,"Quick question, Naomba nilipe kidogo kidogo tafadhali?",We currently don't offer installment payments — full payment is required upfront via M-Pesa or on delivery within Nairobi.
wholesale_reseller,Products,"Hello, I want to buy in bulk to resell?","Yes, we supply wholesale for resellers and shopkeepers. Message us the quantity you need and we'll send you wholesale pricing."
wholesale_reseller,Products,"Hey, Mnauza kwa bei ya jumla?","Yes, we supply wholesale for resellers and shopkeepers. Message us the quantity you need and we'll send you wholesale pricing."
wrong_item,Returns,"Quick question, Nilikuwa nimeorder kitu kingine naomba kujua?","Sorry about that! Please send us a photo of the item you received along with your order number, and we'll arrange a replacement or refund."
minimum_order,Orders,"Msee, Can I order just one item naomba kujua?","No minimum order — you can buy just one item if you like, though delivery fees apply per order regardless of size."
minimum_order,Orders,"Excuse me, Do I have to buy a certain quantity je?","No minimum order — you can buy just one item if you like, though delivery fees apply per order regardless of size."
goodbye,General,"Poa, Alright, later naomba msaada?",You're welcome! Karibu tena — feel free to message us anytime. 😊
wrong_item,Returns,Nilikuwa nimeorder kitu kingine,"Sorry about that! Please send us a photo of the item you received along with your order number, and we'll arrange a replacement or refund."
contact_human,General,"Boss, Naeza ongea na mtu sasa?","Of course! You can reach our customer care team directly on 0712 345 678 (call or WhatsApp), available 8am-7pm daily."
price_negotiation,Products,Can you reduce the price a bit?,"Our prices are already quite fair, but for orders of 3+ items we do offer a discount. What quantity are you looking at?"
gift_wrapping,Products,Naomba m-wrap kama gift nisaidie?,Yes! Just mention it's a gift when ordering and we'll wrap it nicely at no extra cost.
order_status,Orders,"Hey, Is my parcel on the way?",Let us check for you — please share your order number or the phone number used to place the order so we can track its current status.
combine_orders,Orders,"Boss, Can you merge my orders to save on delivery please?","Yes, just let us know both order numbers before dispatch and we'll combine them into a single delivery to save on shipping."
goodbye,General,"Sawa, asante sana",You're welcome! Karibu tena — feel free to message us anytime. 😊
location_directions,General,Mko karibu na wapi nisaidie?,"We're located in Nairobi CBD, along Moi Avenue, 2nd floor Duka Fresh House. Message us for exact directions or a Google Maps pin."
delivery_time,Delivery,"Sasa, How long does delivery take?","Within Nairobi, delivery usually takes 1-2 days via boda. Outside Nairobi, it takes 2-4 days depending on the courier (e.g. Wells Fargo, G4S)."
price_negotiation,Products,Is that your final price?,"Our prices are already quite fair, but for orders of 3+ items we do offer a discount. What quantity are you looking at?"
return_policy,Returns,"Boss, Do you accept returns please?","You can return or exchange an item within 3 days of delivery, as long as it's unused and in original packaging. Just message us with your order number."
social_media_catalog,General,"Msee, Send me your product catalog tafadhali?","You can browse our full catalog on our Instagram and TikTok pages @dukafresh, or ask us here and we'll send you photos directly."
installment_payment,Payments,"Quick question, Is there a payment plan?",We currently don't offer installment payments — full payment is required upfront via M-Pesa or on delivery within Nairobi.
international_shipping,Delivery,"Excuse me, Can you deliver to Uganda sasa?",At the moment we only deliver within Kenya. We're working on international shipping for the future — stay tuned!
combine_orders,Orders,Naeza unganisha order mbili ziende pamoja asante?,"Yes, just let us know both order numbers before dispatch and we'll combine them into a single delivery to save on shipping."
delivery_time,Delivery,How long does delivery take nisaidie?,"Within Nairobi, delivery usually takes 1-2 days via boda. Outside Nairobi, it takes 2-4 days depending on the courier (e.g. Wells Fargo, G4S)."
payment_confirmation,Payment,Can you confirm you received my Mpesa?,Let us confirm on our end — please share the M-Pesa transaction message/code so we can verify quickly and process your order.
restock_notification,Products,Can you tell me when it's restocked?,We restock popular items every 1-2 weeks. Message us the item name and we'll notify you as soon as it's back.
product_care_instructions,Products,"Hi, Can it be machine washed?",Care instructions vary by product — we'll include a care label or send you specific washing/handling tips with your order.
installment_payment,Payments,"Msee, Naeza lipa nusu leo na nusu next week?",We currently don't offer installment payments — full payment is required upfront via M-Pesa or on delivery within Nairobi.
goodbye,General,"Samahani, Thanks, bye please?",You're welcome! Karibu tena — feel free to message us anytime. 😊
contact_human,General,"Hello, This bot isn't helping, I need an agent basi?","Of course! You can reach our customer care team directly on 0712 345 678 (call or WhatsApp), available 8am-7pm daily."
courier_tracking_number,Delivery,How do I track my parcel with the courier sasa?,We'll share your courier's tracking number (e.g. G4S or Wells Fargo) via WhatsApp as soon as your order is dispatched.
product_availability,Products,"Msee, Do you have more colors?",Let us check current stock for you — please share the product name or picture and the size/color you want.
combine_orders,Orders,"Poa, Can you merge my orders to save on delivery please?","Yes, just let us know both order numbers before dispatch and we'll combine them into a single delivery to save on shipping."
legitimacy_scam_concern,General,Ni kweli hii ni duka halisi sasa?,"Yes, we're a registered small business that's been operating since 2021. You can pay via M-Pesa till (safer than sending to a personal number) or cash on delivery."
delivery_time,Delivery,"Naomba kuuliza, How many days for delivery to Kisumu?","Within Nairobi, delivery usually takes 1-2 days via boda. Outside Nairobi, it takes 2-4 days depending on the courier (e.g. Wells Fargo, G4S)."
greeting,General,"Habari, Habari asante?",Hi there! Welcome to Duka Fresh 👋 How can I help you today?
damaged_in_transit,Returns,"Samahani, It arrived broken, what do I do please?",We're sorry to hear that! Please send a photo of the damaged item and your order number — we'll replace it or refund you right away.
installment_payment,Payments,"Hey, Can I pay in installments je?",We currently don't offer installment payments — full payment is required upfront via M-Pesa or on delivery within Nairobi.
installment_payment,Payments,"Karibu, mimi ni customer, Naeza lipa pole pole naomba kujua?",We currently don't offer installment payments — full payment is required upfront via M-Pesa or on delivery within Nairobi.
delivery_time,Delivery,"Hi, How many days for delivery to Kisumu asante?","Within Nairobi, delivery usually takes 1-2 days via boda. Outside Nairobi, it takes 2-4 days depending on the courier (e.g. Wells Fargo, G4S)."
complaint_escalation,General,I'm not happy with how this was handled?,"We're sorry for any inconvenience. Please describe the issue and your order number here, and our team lead will personally follow up within a day."
gift_wrapping,Products,"This is a birthday gift, can you pack it nicely sasa?",Yes! Just mention it's a gift when ordering and we'll wrap it nicely at no extra cost.
return_policy,Returns,How many days do I have to return something?,"You can return or exchange an item within 3 days of delivery, as long as it's unused and in original packaging. Just message us with your order number."
order_status,Orders,Order yangu iko wapi tafadhali?,Let us check for you — please share your order number or the phone number used to place the order so we can track its current status.
gift_wrapping,Products,"Quick question, Is gift wrapping available?",Yes! Just mention it's a gift when ordering and we'll wrap it nicely at no extra cost.
cancel_order,Orders,"Hello, I want to cancel my order naomba msaada?","No problem — if your order hasn't been dispatched yet, we can cancel it and refund via M-Pesa. Please share your order number to proceed."
price_negotiation,Products,Bei ya mwisho ni ngapi?,"Our prices are already quite fair, but for orders of 3+ items we do offer a discount. What quantity are you looking at?"
discount_bulk,Promotions,"Quick question, Any offers this week please?",Yes! Orders of 3 items or more get a 10% discount. Follow our WhatsApp status for weekly promo updates too.
opening_hours,General,Mnafungua saa ngapi?,"We're open Monday-Saturday, 8am-7pm, and Sundays 10am-4pm. We're closed on major public holidays."
product_care_instructions,Products,"Quick question, Do I need to hand wash this?",Care instructions vary by product — we'll include a care label or send you specific washing/handling tips with your order.
international_shipping,Delivery,"Niaje, Do you ship outside Kenya please?",At the moment we only deliver within Kenya. We're working on international shipping for the future — stay tuned!
courier_tracking_number,Delivery,"Quick question, Naomba tracking number ya order yangu tafadhali?",We'll share your courier's tracking number (e.g. G4S or Wells Fargo) via WhatsApp as soon as your order is dispatched.
minimum_order,Orders,"Boss, Do I have to buy a certain quantity basi?","No minimum order — you can buy just one item if you like, though delivery fees apply per order regardless of size."
wrong_item,Returns,The size is wrong,"Sorry about that! Please send us a photo of the item you received along with your order number, and we'll arrange a replacement or refund."
refund_status,Returns,"Naomba kuuliza, When will I get my refund?","Refunds are processed within 24-48 hours back to the M-Pesa number used for payment. If it's been longer, please share your order number so we can check."
complaint_escalation,General,"Karibu, mimi ni customer, How do I raise a complaint asante?","We're sorry for any inconvenience. Please describe the issue and your order number here, and our team lead will personally follow up within a day."
cancel_order,Orders,"Karibu, mimi ni customer, Nimebadili mawazo, cancel order tafadhali?","No problem — if your order hasn't been dispatched yet, we can cancel it and refund via M-Pesa. Please share your order number to proceed."
location_directions,General,"Quick question, Naeza kuja duka moja kwa moja nisaidie?","We're located in Nairobi CBD, along Moi Avenue, 2nd floor Duka Fresh House. Message us for exact directions or a Google Maps pin."
receipt_request,Payments,"Boss, Can I get a receipt for my purchase please?",Of course — we send an e-receipt via WhatsApp once payment is confirmed. Let us know if you need it for business/accounting purposes.
payment_confirmation,Payment,"Niaje, Can you confirm you received my Mpesa?",Let us confirm on our end — please share the M-Pesa transaction message/code so we can verify quickly and process your order.
cancel_order,Orders,"Sitaki tena hii order, cancel","No problem — if your order hasn't been dispatched yet, we can cancel it and refund via M-Pesa. Please share your order number to proceed."
mpesa_payment,Payment,"Hello, Send me the paybill number asante?","Yes, we accept M-Pesa! Our Till Number is 123456 (Duka Fresh Shop). You can also pay cash on delivery within Nairobi."
minimum_order,Orders,"Samahani, Kuna minimum order asante?","No minimum order — you can buy just one item if you like, though delivery fees apply per order regardless of size."
delivery_time,Delivery,"Msee, Is delivery same day please?","Within Nairobi, delivery usually takes 1-2 days via boda. Outside Nairobi, it takes 2-4 days depending on the courier (e.g. Wells Fargo, G4S)."
delivery_cost,Delivery,Unatoza delivery ngapi kwa CBD?,"Delivery within Nairobi CBD costs Ksh 150, other Nairobi areas Ksh 200-300. Upcountry deliveries via courier range from Ksh 300-600 depending on location."
payment_confirmation,Payment,Can you confirm you received my Mpesa asante?,Let us confirm on our end — please share the M-Pesa transaction message/code so we can verify quickly and process your order.
complaint_escalation,General,This service was very poor naomba kujua?,"We're sorry for any inconvenience. Please describe the issue and your order number here, and our team lead will personally follow up within a day."
opening_hours,General,"Hello, Time za kazi ni gani tafadhali?","We're open Monday-Saturday, 8am-7pm, and Sundays 10am-4pm. We're closed on major public holidays."
gift_wrapping,Products,"Hello, Is gift wrapping available sasa?",Yes! Just mention it's a gift when ordering and we'll wrap it nicely at no extra cost.
restock_notification,Products,Mkipata stock nijulishe tafadhali,We restock popular items every 1-2 weeks. Message us the item name and we'll notify you as soon as it's back.
complaint_escalation,General,"Samahani, Nataka kulalamika kuhusu huduma asante?","We're sorry for any inconvenience. Please describe the issue and your order number here, and our team lead will personally follow up within a day."
location_directions,General,Naomba pin ya location yenu,"We're located in Nairobi CBD, along Moi Avenue, 2nd floor Duka Fresh House. Message us for exact directions or a Google Maps pin."
product_care_instructions,Products,"Karibu, mimi ni customer, Naosha hii item aje?",Care instructions vary by product — we'll include a care label or send you specific washing/handling tips with your order.
wrong_item,Returns,"Naomba kuuliza, The product doesn't match the photo please?","Sorry about that! Please send us a photo of the item you received along with your order number, and we'll arrange a replacement or refund."
wholesale_reseller,Products,Mnauza kwa bei ya jumla?,"Yes, we supply wholesale for resellers and shopkeepers. Message us the quantity you need and we'll send you wholesale pricing."
wrong_item,Returns,This is not what I ordered,"Sorry about that! Please send us a photo of the item you received along with your order number, and we'll arrange a replacement or refund."
courier_tracking_number,Delivery,"Karibu, mimi ni customer, Is there a tracking code for my delivery nisaidie?",We'll share your courier's tracking number (e.g. G4S or Wells Fargo) via WhatsApp as soon as your order is dispatched.
location_directions,General,"Karibu, mimi ni customer, Can I visit the physical shop asante?","We're located in Nairobi CBD, along Moi Avenue, 2nd floor Duka Fresh House. Message us for exact directions or a Google Maps pin."
greeting,General,"Hey, Hello, is anyone there please?",Hi there! Welcome to Duka Fresh 👋 How can I help you today?
greeting,General,"Hi, Hey there naomba msaada?",Hi there! Welcome to Duka Fresh 👋 How can I help you today?
opening_hours,General,"Poa, What are your working hours naomba msaada?","We're open Monday-Saturday, 8am-7pm, and Sundays 10am-4pm. We're closed on major public holidays."
wholesale_reseller,Products,"Sasa, Nataka kununua mengi kwa bei nafuu niuze sasa?","Yes, we supply wholesale for resellers and shopkeepers. Message us the quantity you need and we'll send you wholesale pricing."
wholesale_reseller,Products,I want to buy in bulk to resell,"Yes, we supply wholesale for resellers and shopkeepers. Message us the quantity you need and we'll send you wholesale pricing."
minimum_order,Orders,"Quick question, Can I order just one item?","No minimum order — you can buy just one item if you like, though delivery fees apply per order regardless of size."
combine_orders,Orders,"Karibu, mimi ni customer, Naeza unganisha order mbili ziende pamoja naomba msaada?","Yes, just let us know both order numbers before dispatch and we'll combine them into a single delivery to save on shipping."
contact_human,General,"Samahani, Nipe number ya kuongea na mtu basi?","Of course! You can reach our customer care team directly on 0712 345 678 (call or WhatsApp), available 8am-7pm daily."
installment_payment,Payments,"Habari, Can I pay in installments?",We currently don't offer installment payments — full payment is required upfront via M-Pesa or on delivery within Nairobi.
contact_human,General,"Poa, Naomba msaada wa mtu, sio bot naomba kujua?","Of course! You can reach our customer care team directly on 0712 345 678 (call or WhatsApp), available 8am-7pm daily."
receipt_request,Payments,"Habari, Can you email me a receipt?",Of course — we send an e-receipt via WhatsApp once payment is confirmed. Let us know if you need it for business/accounting purposes.
gift_wrapping,Products,Is gift wrapping available?,Yes! Just mention it's a gift when ordering and we'll wrap it nicely at no extra cost.
installment_payment,Payments,"Excuse me, Naeza lipa nusu leo na nusu next week?",We currently don't offer installment payments — full payment is required upfront via M-Pesa or on delivery within Nairobi.
receipt_request,Payments,"Quick question, Do you issue invoices?",Of course — we send an e-receipt via WhatsApp once payment is confirmed. Let us know if you need it for business/accounting purposes.
goodbye,General,"Thanks, bye basi?",You're welcome! Karibu tena — feel free to message us anytime. 😊
product_availability,Products,Kuna stock ya hii item?,Let us check current stock for you — please share the product name or picture and the size/color you want.
discount_bulk,Promotions,"Msee, Do you do wholesale prices?",Yes! Orders of 3 items or more get a 10% discount. Follow our WhatsApp status for weekly promo updates too.
location_directions,General,Do you have a physical store or online only?,"We're located in Nairobi CBD, along Moi Avenue, 2nd floor Duka Fresh House. Message us for exact directions or a Google Maps pin."
order_status,Orders,"Sasa, Order yangu iko wapi basi?",Let us check for you — please share your order number or the phone number used to place the order so we can track its current status.
greeting,General,Good morning,Hi there! Welcome to Duka Fresh 👋 How can I help you today?
mpesa_payment,Payment,"Habari, Send me the paybill number sasa?","Yes, we accept M-Pesa! Our Till Number is 123456 (Duka Fresh Shop). You can also pay cash on delivery within Nairobi."
restock_notification,Products,"Hey, Can you tell me when it's restocked?",We restock popular items every 1-2 weeks. Message us the item name and we'll notify you as soon as it's back.
delivery_time,Delivery,When will my parcel arrive?,"Within Nairobi, delivery usually takes 1-2 days via boda. Outside Nairobi, it takes 2-4 days depending on the courier (e.g. Wells Fargo, G4S)."
order_status,Orders,Order yangu ipo stage gani sasa?,Let us check for you — please share your order number or the phone number used to place the order so we can track its current status.
receipt_request,Payments,"Hi, Naomba receipt ya order yangu tafadhali?",Of course — we send an e-receipt via WhatsApp once payment is confirmed. Let us know if you need it for business/accounting purposes.
legitimacy_scam_concern,General,Is this shop legit tafadhali?,"Yes, we're a registered small business that's been operating since 2021. You can pay via M-Pesa till (safer than sending to a personal number) or cash on delivery."
mpesa_payment,Payment,Send me the paybill number,"Yes, we accept M-Pesa! Our Till Number is 123456 (Duka Fresh Shop). You can also pay cash on delivery within Nairobi."
opening_hours,General,Mko open saa ngapi mpaka saa ngapi nisaidie?,"We're open Monday-Saturday, 8am-7pm, and Sundays 10am-4pm. We're closed on major public holidays."
greeting,General,Hi,Hi there! Welcome to Duka Fresh 👋 How can I help you today?
social_media_catalog,General,Mko na Instagram au TikTok?,"You can browse our full catalog on our Instagram and TikTok pages @dukafresh, or ask us here and we'll send you photos directly."
goodbye,General,"Naomba kuuliza, Asante, kwaheri basi?",You're welcome! Karibu tena — feel free to message us anytime. 😊
gift_wrapping,Products,Naomba m-wrap kama gift,Yes! Just mention it's a gift when ordering and we'll wrap it nicely at no extra cost.
complaint_escalation,General,"Quick question, I'm not happy with how this was handled asante?","We're sorry for any inconvenience. Please describe the issue and your order number here, and our team lead will personally follow up within a day."
delivery_time,Delivery,Order itafika lini kwa Rongai?,"Within Nairobi, delivery usually takes 1-2 days via boda. Outside Nairobi, it takes 2-4 days depending on the courier (e.g. Wells Fargo, G4S)."
legitimacy_scam_concern,General,"Boss, Mko registered kihalali asante?","Yes, we're a registered small business that's been operating since 2021. You can pay via M-Pesa till (safer than sending to a personal number) or cash on delivery."
courier_tracking_number,Delivery,"Habari, Naomba tracking number ya order yangu?",We'll share your courier's tracking number (e.g. G4S or Wells Fargo) via WhatsApp as soon as your order is dispatched.
goodbye,General,"Asante, kwaheri",You're welcome! Karibu tena — feel free to message us anytime. 😊
location_directions,General,"Excuse me, Do you have a physical store or online only naomba kujua?","We're located in Nairobi CBD, along Moi Avenue, 2nd floor Duka Fresh House. Message us for exact directions or a Google Maps pin."
goodbye,General,"Habari, That's all, goodbye nisaidie?",You're welcome! Karibu tena — feel free to message us anytime. 😊
combine_orders,Orders,Can you merge my orders to save on delivery?,"Yes, just let us know both order numbers before dispatch and we'll combine them into a single delivery to save on shipping."
wholesale_reseller,Products,"Karibu, mimi ni customer, Do you sell wholesale naomba kujua?","Yes, we supply wholesale for resellers and shopkeepers. Message us the quantity you need and we'll send you wholesale pricing."
product_care_instructions,Products,"Quick question, How do I take care of this item asante?",Care instructions vary by product — we'll include a care label or send you specific washing/handling tips with your order.
minimum_order,Orders,"Msee, Kuna minimum order?","No minimum order — you can buy just one item if you like, though delivery fees apply per order regardless of size."
payment_confirmation,Payment,"Hey, Payment yangu imeenda sawa?",Let us confirm on our end — please share the M-Pesa transaction message/code so we can verify quickly and process your order.
combine_orders,Orders,Naeza unganisha order mbili ziende pamoja?,"Yes, just let us know both order numbers before dispatch and we'll combine them into a single delivery to save on shipping."
wholesale_reseller,Products,"Quick question, Naeza pata bei ya wholesale sasa?","Yes, we supply wholesale for resellers and shopkeepers. Message us the quantity you need and we'll send you wholesale pricing."
combine_orders,Orders,Naeza unganisha order mbili ziende pamoja nisaidie?,"Yes, just let us know both order numbers before dispatch and we'll combine them into a single delivery to save on shipping."
mpesa_payment,Payment,Paybill na account number ni gani?,"Yes, we accept M-Pesa! Our Till Number is 123456 (Duka Fresh Shop). You can also pay cash on delivery within Nairobi."
payment_confirmation,Payment,"Nimesend pesa saa hii, angalia",Let us confirm on our end — please share the M-Pesa transaction message/code so we can verify quickly and process your order.
refund_status,Returns,"Niaje, Refund yangu itafika lini tafadhali?","Refunds are processed within 24-48 hours back to the M-Pesa number used for payment. If it's been longer, please share your order number so we can check."
social_media_catalog,General,"Naomba kuuliza, Do you have a Facebook page?","You can browse our full catalog on our Instagram and TikTok pages @dukafresh, or ask us here and we'll send you photos directly."
damaged_in_transit,Returns,The package was damaged during delivery,We're sorry to hear that! Please send a photo of the damaged item and your order number — we'll replace it or refund you right away.
payment_confirmation,Payment,Payment yangu imeenda sawa?,Let us confirm on our end — please share the M-Pesa transaction message/code so we can verify quickly and process your order.
discount_bulk,Promotions,Bei inashuka nikichukua zaidi ya moja asante?,Yes! Orders of 3 items or more get a 10% discount. Follow our WhatsApp status for weekly promo updates too.
contact_human,General,Can I talk to a real person je?,"Of course! You can reach our customer care team directly on 0712 345 678 (call or WhatsApp), available 8am-7pm daily."
damaged_in_transit,Returns,"Samahani, My item arrived broken?",We're sorry to hear that! Please send a photo of the damaged item and your order number — we'll replace it or refund you right away.
installment_payment,Payments,"Niaje, Is there a payment plan tafadhali?",We currently don't offer installment payments — full payment is required upfront via M-Pesa or on delivery within Nairobi.
restock_notification,Products,"Poa, Mtapata stock tena lini tafadhali?",We restock popular items every 1-2 weeks. Message us the item name and we'll notify you as soon as it's back.
contact_human,General,"Poa, Can I talk to a real person?","Of course! You can reach our customer care team directly on 0712 345 678 (call or WhatsApp), available 8am-7pm daily."
complaint_escalation,General,"Hi, This service was very poor tafadhali?","We're sorry for any inconvenience. Please describe the issue and your order number here, and our team lead will personally follow up within a day."
damaged_in_transit,Returns,"Boss, Bidhaa imekuja ikiwa mbovu?",We're sorry to hear that! Please send a photo of the damaged item and your order number — we'll replace it or refund you right away.
cancel_order,Orders,"Naomba kuuliza, Nataka cancel order yangu asante?","No problem — if your order hasn't been dispatched yet, we can cancel it and refund via M-Pesa. Please share your order number to proceed."
refund_status,Returns,Where is my refund money?,"Refunds are processed within 24-48 hours back to the M-Pesa number used for payment. If it's been longer, please share your order number so we can check."
gift_wrapping,Products,"Naomba kuuliza, Do you offer gift packaging naomba kujua?",Yes! Just mention it's a gift when ordering and we'll wrap it nicely at no extra cost.
installment_payment,Payments,Can I pay in installments basi?,We currently don't offer installment payments — full payment is required upfront via M-Pesa or on delivery within Nairobi.
wholesale_reseller,Products,"Niaje, Do you supply shops or only individuals?","Yes, we supply wholesale for resellers and shopkeepers. Message us the quantity you need and we'll send you wholesale pricing."
location_directions,General,Can I visit the physical shop?,"We're located in Nairobi CBD, along Moi Avenue, 2nd floor Duka Fresh House. Message us for exact directions or a Google Maps pin."
cancel_order,Orders,"Poa, Can I cancel this order?","No problem — if your order hasn't been dispatched yet, we can cancel it and refund via M-Pesa. Please share your order number to proceed."
international_shipping,Delivery,"Hey, Mnatuma nje ya Kenya?",At the moment we only deliver within Kenya. We're working on international shipping for the future — stay tuned!
price_negotiation,Products,Punguza kidogo bei,"Our prices are already quite fair, but for orders of 3+ items we do offer a discount. What quantity are you looking at?"
product_availability,Products,"Hi, Hii bidhaa bado inapatikana?",Let us check current stock for you — please share the product name or picture and the size/color you want.
order_status,Orders,"Poa, Is my parcel on the way sasa?",Let us check for you — please share your order number or the phone number used to place the order so we can track its current status.
return_policy,Returns,"Niaje, What is your return policy asante?","You can return or exchange an item within 3 days of delivery, as long as it's unused and in original packaging. Just message us with your order number."
payment_confirmation,Payment,"Niaje, Umeconfirm payment yangu?",Let us confirm on our end — please share the M-Pesa transaction message/code so we can verify quickly and process your order.
mpesa_payment,Payment,How do I send payment for my order naomba msaada?,"Yes, we accept M-Pesa! Our Till Number is 123456 (Duka Fresh Shop). You can also pay cash on delivery within Nairobi."
wrong_item,Returns,"Poa, Wrong color sent?","Sorry about that! Please send us a photo of the item you received along with your order number, and we'll arrange a replacement or refund."
international_shipping,Delivery,"Boss, Mnatuma nje ya Kenya?",At the moment we only deliver within Kenya. We're working on international shipping for the future — stay tuned!
restock_notification,Products,"Poa, When will this be back in stock sasa?",We restock popular items every 1-2 weeks. Message us the item name and we'll notify you as soon as it's back.
price_negotiation,Products,"Hi, Punguza kidogo bei sasa?","Our prices are already quite fair, but for orders of 3+ items we do offer a discount. What quantity are you looking at?"
price_negotiation,Products,"Boss, Can we negotiate the price je?","Our prices are already quite fair, but for orders of 3+ items we do offer a discount. What quantity are you looking at?"
combine_orders,Orders,"Msee, I made two separate orders, can they be delivered together asante?","Yes, just let us know both order numbers before dispatch and we'll combine them into a single delivery to save on shipping."
wholesale_reseller,Products,"Samahani, Do you sell wholesale?","Yes, we supply wholesale for resellers and shopkeepers. Message us the quantity you need and we'll send you wholesale pricing."
courier_tracking_number,Delivery,"Poa, Is there a tracking code for my delivery?",We'll share your courier's tracking number (e.g. G4S or Wells Fargo) via WhatsApp as soon as your order is dispatched.
greeting,General,Hello?,Hi there! Welcome to Duka Fresh 👋 How can I help you today?
international_shipping,Delivery,"Karibu, mimi ni customer, Do you ship outside Kenya asante?",At the moment we only deliver within Kenya. We're working on international shipping for the future — stay tuned!
international_shipping,Delivery,"Sasa, Do you ship outside Kenya nisaidie?",At the moment we only deliver within Kenya. We're working on international shipping for the future — stay tuned!
order_status,Orders,Umetuma order yangu tafadhali?,Let us check for you — please share your order number or the phone number used to place the order so we can track its current status.
product_care_instructions,Products,Do I need to hand wash this?,Care instructions vary by product — we'll include a care label or send you specific washing/handling tips with your order.
wholesale_reseller,Products,"Hi, Naeza pata bei ya wholesale naomba msaada?","Yes, we supply wholesale for resellers and shopkeepers. Message us the quantity you need and we'll send you wholesale pricing."
goodbye,General,"Quick question, Bye tafadhali?",You're welcome! Karibu tena — feel free to message us anytime. 😊
opening_hours,General,Time za kazi ni gani nisaidie?,"We're open Monday-Saturday, 8am-7pm, and Sundays 10am-4pm. We're closed on major public holidays."
return_policy,Returns,Can I return an item if I don't like it je?,"You can return or exchange an item within 3 days of delivery, as long as it's unused and in original packaging. Just message us with your order number."
product_availability,Products,Can I get this in a different size?,Let us check current stock for you — please share the product name or picture and the size/color you want.
order_status,Orders,Has my order been shipped?,Let us check for you — please share your order number or the phone number used to place the order so we can track its current status.
international_shipping,Delivery,Do you ship internationally?,At the moment we only deliver within Kenya. We're working on international shipping for the future — stay tuned!
return_policy,Returns,"Karibu, mimi ni customer, What is your return policy naomba kujua?","You can return or exchange an item within 3 days of delivery, as long as it's unused and in original packaging. Just message us with your order number."
legitimacy_scam_concern,General,Mko registered kihalali asante?,"Yes, we're a registered small business that's been operating since 2021. You can pay via M-Pesa till (safer than sending to a personal number) or cash on delivery."
damaged_in_transit,Returns,"Boss, It arrived broken, what do I do asante?",We're sorry to hear that! Please send a photo of the damaged item and your order number — we'll replace it or refund you right away.
contact_human,General,"Naomba msaada wa mtu, sio bot","Of course! You can reach our customer care team directly on 0712 345 678 (call or WhatsApp), available 8am-7pm daily."
restock_notification,Products,"Karibu, mimi ni customer, Can you tell me when it's restocked please?",We restock popular items every 1-2 weeks. Message us the item name and we'll notify you as soon as it's back.
complaint_escalation,General,"Excuse me, I'm not happy with how this was handled sasa?","We're sorry for any inconvenience. Please describe the issue and your order number here, and our team lead will personally follow up within a day."
delivery_time,Delivery,"Hi, When will my parcel arrive naomba msaada?","Within Nairobi, delivery usually takes 1-2 days via boda. Outside Nairobi, it takes 2-4 days depending on the courier (e.g. Wells Fargo, G4S)."
courier_tracking_number,Delivery,Can you give me a tracking number je?,We'll share your courier's tracking number (e.g. G4S or Wells Fargo) via WhatsApp as soon as your order is dispatched.
contact_human,General,"Samahani, Naomba nizungumze na mtu wa kweli je?","Of course! You can reach our customer care team directly on 0712 345 678 (call or WhatsApp), available 8am-7pm daily."
product_care_instructions,Products,"Msee, Utunzaji wa hii bidhaa ni aje tafadhali?",Care instructions vary by product — we'll include a care label or send you specific washing/handling tips with your order.
location_directions,General,"Msee, Send me your location please tafadhali?","We're located in Nairobi CBD, along Moi Avenue, 2nd floor Duka Fresh House. Message us for exact directions or a Google Maps pin."
refund_status,Returns,"Excuse me, Has my refund been processed?","Refunds are processed within 24-48 hours back to the M-Pesa number used for payment. If it's been longer, please share your order number so we can check."
cancel_order,Orders,"Hey, Can I cancel this order asante?","No problem — if your order hasn't been dispatched yet, we can cancel it and refund via M-Pesa. Please share your order number to proceed."
return_policy,Returns,Naeza change size ya item?,"You can return or exchange an item within 3 days of delivery, as long as it's unused and in original packaging. Just message us with your order number."
refund_status,Returns,"Poa, Umeprocess refund yangu asante?","Refunds are processed within 24-48 hours back to the M-Pesa number used for payment. If it's been longer, please share your order number so we can check."
installment_payment,Payments,"Karibu, mimi ni customer, Naomba nilipe kidogo kidogo?",We currently don't offer installment payments — full payment is required upfront via M-Pesa or on delivery within Nairobi.
wholesale_reseller,Products,Naeza pata bei ya wholesale?,"Yes, we supply wholesale for resellers and shopkeepers. Message us the quantity you need and we'll send you wholesale pricing."
contact_human,General,Naeza ongea na mtu?,"Of course! You can reach our customer care team directly on 0712 345 678 (call or WhatsApp), available 8am-7pm daily."
international_shipping,Delivery,"Hello, Do you ship outside Kenya nisaidie?",At the moment we only deliver within Kenya. We're working on international shipping for the future — stay tuned!
wrong_item,Returns,This is not what I ordered basi?,"Sorry about that! Please send us a photo of the item you received along with your order number, and we'll arrange a replacement or refund."
social_media_catalog,General,"Samahani, Mko na Instagram au TikTok?","You can browse our full catalog on our Instagram and TikTok pages @dukafresh, or ask us here and we'll send you photos directly."
return_policy,Returns,"Niaje, What if the item doesn't fit je?","You can return or exchange an item within 3 days of delivery, as long as it's unused and in original packaging. Just message us with your order number."
wholesale_reseller,Products,"Poa, Bei ya jumla ni ngapi ukichukua zaidi ya 20 asante?","Yes, we supply wholesale for resellers and shopkeepers. Message us the quantity you need and we'll send you wholesale pricing."
cancel_order,Orders,"Nimebadili mawazo, cancel order","No problem — if your order hasn't been dispatched yet, we can cancel it and refund via M-Pesa. Please share your order number to proceed."
minimum_order,Orders,"Poa, Can I order just one item naomba kujua?","No minimum order — you can buy just one item if you like, though delivery fees apply per order regardless of size."
product_availability,Products,"Karibu, mimi ni customer, Mnayo hii kwa size medium naomba kujua?",Let us check current stock for you — please share the product name or picture and the size/color you want.
order_status,Orders,What's the status of my order?,Let us check for you — please share your order number or the phone number used to place the order so we can track its current status.
restock_notification,Products,Mtapata stock tena lini tafadhali?,We restock popular items every 1-2 weeks. Message us the item name and we'll notify you as soon as it's back.
receipt_request,Payments,"Hey, Can you email me a receipt asante?",Of course — we send an e-receipt via WhatsApp once payment is confirmed. Let us know if you need it for business/accounting purposes.
gift_wrapping,Products,"Hello, Do you offer gift packaging asante?",Yes! Just mention it's a gift when ordering and we'll wrap it nicely at no extra cost.
cancel_order,Orders,"Msee, Can I cancel this order basi?","No problem — if your order hasn't been dispatched yet, we can cancel it and refund via M-Pesa. Please share your order number to proceed."
minimum_order,Orders,"Niaje, Do I have to buy a certain quantity naomba msaada?","No minimum order — you can buy just one item if you like, though delivery fees apply per order regardless of size."
combine_orders,Orders,"Hello, Can I combine two orders into one delivery?","Yes, just let us know both order numbers before dispatch and we'll combine them into a single delivery to save on shipping."
cancel_order,Orders,Please cancel my purchase,"No problem — if your order hasn't been dispatched yet, we can cancel it and refund via M-Pesa. Please share your order number to proceed."
product_availability,Products,"Poa, Do you have more colors nisaidie?",Let us check current stock for you — please share the product name or picture and the size/color you want.
opening_hours,General,"Naomba kuuliza, What are your working hours tafadhali?","We're open Monday-Saturday, 8am-7pm, and Sundays 10am-4pm. We're closed on major public holidays."
greeting,General,"Karibu, mimi ni customer, Mambo vipi naomba msaada?",Hi there! Welcome to Duka Fresh 👋 How can I help you today?
receipt_request,Payments,"Excuse me, Can you email me a receipt je?",Of course — we send an e-receipt via WhatsApp once payment is confirmed. Let us know if you need it for business/accounting purposes.
gift_wrapping,Products,"This is a birthday gift, can you pack it nicely?",Yes! Just mention it's a gift when ordering and we'll wrap it nicely at no extra cost.
opening_hours,General,Mnafungua saa ngapi sasa?,"We're open Monday-Saturday, 8am-7pm, and Sundays 10am-4pm. We're closed on major public holidays."
combine_orders,Orders,"Niaje, Can I combine two orders into one delivery please?","Yes, just let us know both order numbers before dispatch and we'll combine them into a single delivery to save on shipping."
discount_bulk,Promotions,Mko na promotion yoyote?,Yes! Orders of 3 items or more get a 10% discount. Follow our WhatsApp status for weekly promo updates too.
product_availability,Products,"Hi, Is this available in size 40?",Let us check current stock for you — please share the product name or picture and the size/color you want.
mpesa_payment,Payment,What's your till number sasa?,"Yes, we accept M-Pesa! Our Till Number is 123456 (Duka Fresh Shop). You can also pay cash on delivery within Nairobi."
delivery_time,Delivery,"Hello, How fast is your delivery within Nairobi asante?","Within Nairobi, delivery usually takes 1-2 days via boda. Outside Nairobi, it takes 2-4 days depending on the courier (e.g. Wells Fargo, G4S)."
damaged_in_transit,Returns,"Karibu, mimi ni customer, Bidhaa imekuja ikiwa mbovu?",We're sorry to hear that! Please send a photo of the damaged item and your order number — we'll replace it or refund you right away.
wholesale_reseller,Products,Nataka kununua mengi kwa bei nafuu niuze,"Yes, we supply wholesale for resellers and shopkeepers. Message us the quantity you need and we'll send you wholesale pricing."
delivery_cost,Delivery,Is delivery free?,"Delivery within Nairobi CBD costs Ksh 150, other Nairobi areas Ksh 200-300. Upcountry deliveries via courier range from Ksh 300-600 depending on location."
product_availability,Products,"Quick question, Kuna stock ya hii item sasa?",Let us check current stock for you — please share the product name or picture and the size/color you want.
payment_confirmation,Payment,"Naomba kuuliza, Payment yangu imeenda sawa nisaidie?",Let us confirm on our end — please share the M-Pesa transaction message/code so we can verify quickly and process your order.
damaged_in_transit,Returns,"Samahani, Bidhaa imekuja ikiwa mbovu please?",We're sorry to hear that! Please send a photo of the damaged item and your order number — we'll replace it or refund you right away.
minimum_order,Orders,Do I have to buy a certain quantity?,"No minimum order — you can buy just one item if you like, though delivery fees apply per order regardless of size."
mpesa_payment,Payment,"Sasa, Send me the paybill number naomba kujua?","Yes, we accept M-Pesa! Our Till Number is 123456 (Duka Fresh Shop). You can also pay cash on delivery within Nairobi."
installment_payment,Payments,"Hi, Naeza lipa pole pole?",We currently don't offer installment payments — full payment is required upfront via M-Pesa or on delivery within Nairobi.
opening_hours,General,What time do you close?,"We're open Monday-Saturday, 8am-7pm, and Sundays 10am-4pm. We're closed on major public holidays."
location_directions,General,"Excuse me, Mko karibu na wapi naomba kujua?","We're located in Nairobi CBD, along Moi Avenue, 2nd floor Duka Fresh House. Message us for exact directions or a Google Maps pin."
contact_human,General,"Naomba msaada wa mtu, sio bot?","Of course! You can reach our customer care team directly on 0712 345 678 (call or WhatsApp), available 8am-7pm daily."
social_media_catalog,General,"Habari, Do you have a Facebook page nisaidie?","You can browse our full catalog on our Instagram and TikTok pages @dukafresh, or ask us here and we'll send you photos directly."
wrong_item,Returns,Wrong color sent,"Sorry about that! Please send us a photo of the item you received along with your order number, and we'll arrange a replacement or refund."
legitimacy_scam_concern,General,Mko registered kihalali?,"Yes, we're a registered small business that's been operating since 2021. You can pay via M-Pesa till (safer than sending to a personal number) or cash on delivery."
complaint_escalation,General,How do I raise a complaint sasa?,"We're sorry for any inconvenience. Please describe the issue and your order number here, and our team lead will personally follow up within a day."
delivery_cost,Delivery,"Poa, Unatoza delivery ngapi kwa CBD?","Delivery within Nairobi CBD costs Ksh 150, other Nairobi areas Ksh 200-300. Upcountry deliveries via courier range from Ksh 300-600 depending on location."
minimum_order,Orders,"Naomba kuuliza, Can I order just one item?","No minimum order — you can buy just one item if you like, though delivery fees apply per order regardless of size."
delivery_cost,Delivery,Do you deliver to Mombasa?,"Delivery within Nairobi CBD costs Ksh 150, other Nairobi areas Ksh 200-300. Upcountry deliveries via courier range from Ksh 300-600 depending on location."
delivery_cost,Delivery,Can you deliver to Nakuru?,"Delivery within Nairobi CBD costs Ksh 150, other Nairobi areas Ksh 200-300. Upcountry deliveries via courier range from Ksh 300-600 depending on location."
delivery_cost,Delivery,Do you deliver to Eldoret?,"Delivery within Nairobi CBD costs Ksh 150, other Nairobi areas Ksh 200-300. Upcountry deliveries via courier range from Ksh 300-600 depending on location."
delivery_cost,Delivery,Mnaleta bidhaa Mombasa?,"Delivery within Nairobi CBD costs Ksh 150, other Nairobi areas Ksh 200-300. Upcountry deliveries via courier range from Ksh 300-600 depending on location."
delivery_time,Delivery,How long does delivery to Mombasa take?,Same-day delivery is available for Nairobi orders placed before 1pm. Upcountry deliveries typically take 1-3 business days depending on your location.
delivery_time,Delivery,Delivery ya Nakuru inachukua siku ngapi?,Same-day delivery is available for Nairobi orders placed before 1pm. Upcountry deliveries typically take 1-3 business days depending on your location.
location_directions,General,What's your address?,"We're located in Nairobi CBD, along Moi Avenue, 2nd floor Duka Fresh House. Message us for exact directions or a Google Maps pin."
location_directions,General,What is your business address?,"We're located in Nairobi CBD, along Moi Avenue, 2nd floor Duka Fresh House. Message us for exact directions or a Google Maps pin."
location_directions,General,Anwani yenu ni gani?,"We're located in Nairobi CBD, along Moi Avenue, 2nd floor Duka Fresh House. Message us for exact directions or a Google Maps pin."
order_status,Orders,Order haijafika,Let us check for you — please share your order number or the phone number used to place the order so we can track its current status.
order_status,Orders,My order hasn't arrived yet,Let us check for you — please share your order number or the phone number used to place the order so we can track its current status.
order_status,Orders,Bidhaa yangu haijafika bado,Let us check for you — please share your order number or the phone number used to place the order so we can track its current status.
delivery_time,Delivery,"Item yangu haijafika, iko wapi?",Same-day delivery is available for Nairobi orders placed before 1pm. Upcountry deliveries typically take 1-3 business days depending on your location.
refund_status,Returns,Naeza pata refund yangu?,Refunds are processed within 3-5 business days after we receive the returned item. Please share your order number so we can check where yours is at.
refund_status,Returns,Naeza pata pesa yangu return?,Refunds are processed within 3-5 business days after we receive the returned item. Please share your order number so we can check where yours is at.
refund_status,Returns,Can I get my money back?,Refunds are processed within 3-5 business days after we receive the returned item. Please share your order number so we can check where yours is at.
